"DiseaseID","DiseaseName","OmimID"
"Col_0001","Colorectal cancer","603184"
"Col_0002","Colorectal cancer","114480"
"Col_0003","Colorectal cancer","168461"
"Col_0004","Colorectal cancer","604373"
"Col_0005","Colorectal cancer","604156"
"Col_0006","Colorectal cancer","190182"
"Col_0007","Colorectal cancer","603956"
"Col_0008","Colorectal cancer","236250"
"Col_0009","Colorectal cancer","227650"
"Col_0010","Colorectal cancer","620079"
"Col_0011","Colorectal cancer","619779"
"Col_0012","Colorectal cancer","619494"
"Col_0013","Colorectal cancer","619403"
"Col_0014","Colorectal cancer","618921"
"Col_0015","Colorectal cancer","618344"
"Col_0016","Colorectal cancer","618262"
"Col_0017","Colorectal cancer","616523"
"Col_0018","Colorectal cancer","616380"
"Col_0019","Colorectal cancer","616226"
"Col_0020","Colorectal cancer","615930"
"Col_0021","Colorectal cancer","614316"
"Col_0022","Colorectal cancer","612791"
"Col_0023","Colorectal cancer","612374"
"Col_0024","Colorectal cancer","612205"
"Col_0025","Colorectal cancer","612171"
"Col_0026","Colorectal cancer","611234"
"Col_0027","Colorectal cancer","610596"
"Col_0028","Colorectal cancer","610575"
"Col_0029","Colorectal cancer","609788"
"Col_0030","Colorectal cancer","609351"
"Col_0031","Colorectal cancer","608892"
"Col_0032","Colorectal cancer","608712"
"Col_0033","Colorectal cancer","608288"
"Col_0034","Colorectal cancer","608004"
"Col_0035","Colorectal cancer","180660"
"Col_0036","Colorectal cancer","179590"
"Col_0037","Colorectal cancer","176886"
"Col_0038","Colorectal cancer","176877"
"Col_0039","Colorectal cancer","164730"
"Col_0040","Colorectal cancer","617848"
"Col_0041","Colorectal cancer","616043"
"Col_0042","Colorectal cancer","606063"
"Col_0043","Colorectal cancer","147310"
"Col_0044","Colorectal cancer","605580"
"Col_0045","Colorectal cancer","605252"
"Col_0046","Colorectal cancer","604710"
"Col_0047","Colorectal cancer","607021"
"Col_0048","Colorectal cancer","604261"
"Col_0049","Colorectal cancer","604258"
"Col_0050","Colorectal cancer","603816"
"Col_0051","Colorectal cancer","603638"
"Col_0052","Colorectal cancer","603637"
"Col_0053","Colorectal cancer","603636"
"Col_0054","Colorectal cancer","603633"
"Col_0055","Colorectal cancer","603632"
"Col_0056","Colorectal cancer","603631"
"Col_0057","Colorectal cancer","603630"
"Col_0058","Colorectal cancer","603598"
"Col_0059","Colorectal cancer","603155"
"Col_0060","Colorectal cancer","603149"
"Col_0061","Colorectal cancer","603114"
"Col_0062","Colorectal cancer","602900"
"Col_0063","Colorectal cancer","602656"
"Col_0064","Colorectal cancer","602545"
"Col_0065","Colorectal cancer","601993"
"Col_0066","Colorectal cancer","601614"
"Col_0067","Colorectal cancer","601290"
"Col_0068","Colorectal cancer","600726"
"Col_0069","Colorectal cancer","600267"
"Col_0070","Colorectal cancer","600258"
"Col_0071","Colorectal cancer","516040"
"Col_0072","Colorectal cancer","516004"
"Col_0073","Colorectal cancer","516000"
"Col_0074","Colorectal cancer","138350"
"Col_0075","Colorectal cancer","131550"
"Col_0076","Colorectal cancer","188350"
"Col_0077","Colorectal cancer","185535"
"Col_0078","Colorectal cancer","114890"
"Col_0079","Colorectal cancer","109610"
"Col_0080","Colorectal cancer","108345"
"Col_0081","Colorectal cancer","619975"
"Col_0082","Colorectal cancer","619182"
"Col_0083","Colorectal cancer","617100"
"Col_0084","Colorectal cancer","610069"
"Col_0085","Colorectal cancer","604370"
"Col_0086","Colorectal cancer","266600"
"Col_0087","Colorectal cancer","618327"
"Col_0088","Colorectal cancer","618032"
"Col_0089","Colorectal cancer","616888"
"Col_0090","Colorectal cancer","615209"
"Col_0091","Colorectal cancer","615114"
"Col_0092","Colorectal cancer","612482"
"Col_0093","Colorectal cancer","610290"
"Col_0094","Colorectal cancer","608610"
"Col_0095","Colorectal cancer","611020"
"Col_0096","Colorectal cancer","611005"
"Col_0097","Colorectal cancer","606097"
"Col_0098","Colorectal cancer","605854"
"Col_0099","Colorectal cancer","605734"
"Col_0101","Colorectal cancer","604763"
"Col_0102","Colorectal cancer","604584"
"Col_0103","Colorectal cancer","607093"
"Col_0104","Colorectal cancer","606449"
"Col_0105","Colorectal cancer","606278"
"Col_0106","Colorectal cancer","603719"
"Col_0107","Colorectal cancer","603634"
"Col_0108","Colorectal cancer","603574"
"Col_0109","Colorectal cancer","602510"
"Col_0110","Colorectal cancer","601920"
"Col_0111","Colorectal cancer","600997"
"Col_0112","Colorectal cancer","600887"
"Col_0113","Colorectal cancer","600600"
"Col_0114","Colorectal cancer","600297"
"Col_0115","Colorectal cancer","600262"
"Col_0116","Colorectal cancer","516020"
"Col_0117","Colorectal cancer","611100"
"Col_0118","Colorectal cancer","167000"
"Col_0119","Colorectal cancer","300755"
"Col_0120","Colorectal cancer","618519"
"Col_0121","Colorectal cancer","617705"
"Col_0122","Colorectal cancer","612182"
"Col_0123","Colorectal cancer","172411"
"Col_0124","Colorectal cancer","171150"
"Col_0125","Colorectal cancer","604609"
"Col_0126","Colorectal cancer","516030"
"Col_0127","Colorectal cancer","603030"
"Col_0128","Colorectal cancer","603028"
"Col_0129","Colorectal cancer","619101"
"Col_0130","Colorectal cancer","613659"
"Col_0131","Colorectal cancer","137215"
"Col_0132","Colorectal cancer","616877"
"Col_0133","Colorectal cancer","610703"
"Col_0134","Colorectal cancer","603682"
"Col_0135","Colorectal cancer","603109"
"Col_0136","Colorectal cancer","600040"
"Col_0137","Colorectal cancer","134934"
"Col_0138","Colorectal cancer","190080"
"Col_0139","Colorectal cancer","617108"
"Col_0140","Colorectal cancer","616415"
"Col_0141","Colorectal cancer","608456"
"Col_0142","Colorectal cancer","608089"
"Col_0143","Colorectal cancer","158320"
"Col_0144","Colorectal cancer","276300"
"Col_0145","Colorectal cancer","243400"
"Col_0146","Colorectal cancer","147470"
"Col_0147","Colorectal cancer","604610"
"Col_0148","Colorectal cancer","607273"
"Col_0149","Colorectal cancer","602700"
"Col_0150","Colorectal cancer","602932"
"Col_0151","Colorectal cancer","602860"
"Col_0152","Colorectal cancer","192090"
"Col_0153","Colorectal cancer","614606"
"Col_0154","Colorectal cancer","606702"
"Col_0155","Colorectal cancer","602452"
"Col_0156","Colorectal cancer","602228"
"Col_0157","Colorectal cancer","601366"
"Col_0158","Colorectal cancer","174761"
"Col_0159","Colorectal cancer","171834"
"Col_0160","Colorectal cancer","604933"
"Col_0161","Colorectal cancer","116806"
"Col_0162","Colorectal cancer","174762"
"Col_0163","Colorectal cancer","164757"
"Col_0164","Colorectal cancer","600993"
"Col_0165","Colorectal cancer","191170"
"Col_0166","Colorectal cancer","604025"
"Col_0167","Colorectal cancer","190070"
"Col_0168","Colorectal cancer","600678"
"Col_0169","Colorectal cancer","600259"
"Col_0170","Colorectal cancer","175100"
"Col_0171","Colorectal cancer","604395"
"Col_0172","Colorectal cancer","611731"
"Col_0173","Colorectal cancer","609309"
"Col_0174","Colorectal cancer","120436"
"Col_0175","Colorectal cancer","619734"
"Col_0176","Colorectal cancer","615694"
"Col_0177","Colorectal cancer","615693"
"Col_0178","Colorectal cancer","159350"
"Col_0179","Colorectal cancer","120470"
"Col_0180","Colorectal cancer","614350"
"Col_0181","Colorectal cancer","614337"
"Col_0182","Colorectal cancer","614331"
"Col_0183","Colorectal cancer","613244"
"Col_0184","Colorectal cancer","609310"
"Col_0185","Colorectal cancer","614385"
"Col_0186","Colorectal cancer","120435"
"Col_0187","Colorectal cancer","114500"
"Col_0188","Colorectal cancer","612592"
"Col_0189","Colorectal cancer","612590"
"Col_0190","Colorectal cancer","612589"
"Col_0191","Colorectal cancer","612232"
"Col_0192","Colorectal cancer","612231"
"Col_0193","Colorectal cancer","612230"
"Col_0194","Colorectal cancer","611469"
"Col_0195","Colorectal cancer","615083"
"Col_0196","Colorectal cancer","612591"
"Col_0197","Colorectal cancer","612229"
"Col_0198","Colorectal cancer","608812"
"Col_0199","Colorectal cancer","608615"
"Col_0200","Colorectal cancer","601228"
"Dia1_0001","Type 1 Diabetes","601208"
"Dia1_0002","Type 1 Diabetes","600883"
"Dia1_0003","Type 1 Diabetes","600321"
"Dia1_0004","Type 1 Diabetes","600319"
"Dia1_0005","Type 1 Diabetes","600318"
"Dia1_0006","Type 1 Diabetes","610155"
"Dia1_0007","Type 1 Diabetes","618887"
"Dia1_0008","Type 1 Diabetes","618799"
"Dia1_0009","Type 1 Diabetes","608212"
"Dia1_0010","Type 1 Diabetes","600769"
"Dia1_0011","Type 1 Diabetes","600725"
"Dia1_0012","Type 1 Diabetes","611992"
"Dia1_0013","Type 1 Diabetes","611373"
"Dia1_0014","Type 1 Diabetes","611099"
"Dia1_0015","Type 1 Diabetes","613868"
"Dia1_0016","Type 1 Diabetes","612659"
"Dia1_0017","Type 1 Diabetes","612373"
"Dia1_0018","Type 1 Diabetes","612515"
"Dia1_0019","Type 1 Diabetes","609667"
"Dia1_0020","Type 1 Diabetes","608058"
"Dia1_0021","Type 1 Diabetes","605204"
"Dia1_0022","Type 1 Diabetes","605093"
"Dia1_0023","Type 1 Diabetes","604882"
"Dia1_0024","Type 1 Diabetes","600169"
"Dia1_0025","Type 1 Diabetes","600129"
"Dia1_0026","Type 1 Diabetes","601769"
"Dia1_0027","Type 1 Diabetes","300386"
"Dia1_0028","Type 1 Diabetes","300300"
"Dia1_0029","Type 1 Diabetes","300292"
"Dia1_0030","Type 1 Diabetes","179503"
"Dia1_0031","Type 1 Diabetes","176290"
"Dia1_0032","Type 1 Diabetes","167413"
"Dia1_0033","Type 1 Diabetes","163730"
"Dia1_0034","Type 1 Diabetes","152391"
"Dia1_0035","Type 1 Diabetes","151460"
"Dia1_0036","Type 1 Diabetes","147679"
"Dia1_0037","Type 1 Diabetes","142860"
"Dia1_0038","Type 1 Diabetes","142857"
"Dia1_0039","Type 1 Diabetes","142800"
"Dia1_0040","Type 1 Diabetes","136533"
"Dia1_0041","Type 1 Diabetes","124092"
"Dia1_0042","Type 1 Diabetes","147267"
"Dia1_0043","Type 1 Diabetes","600669"
"Dia1_0044","Type 1 Diabetes","275000"
"Dia1_0045","Type 1 Diabetes","140300"
"Dia1_0046","Type 1 Diabetes","137100"
"Dia1_0047","Type 1 Diabetes","619707"
"Dia1_0048","Type 1 Diabetes","618856"
"Dia1_0049","Type 1 Diabetes","618808"
"Dia1_0050","Type 1 Diabetes","617765"
"Dia1_0051","Type 1 Diabetes","616100"
"Dia1_0052","Type 1 Diabetes","615952"
"Dia1_0053","Type 1 Diabetes","615551"
"Dia1_0054","Type 1 Diabetes","615361"
"Dia1_0055","Type 1 Diabetes","614613"
"Dia1_0056","Type 1 Diabetes","610370"
"Dia1_0057","Type 1 Diabetes","613385"
"Dia1_0058","Type 1 Diabetes","613370"
"Dia1_0059","Type 1 Diabetes","612634"
"Dia1_0060","Type 1 Diabetes","612624"
"Dia1_0061","Type 1 Diabetes","609755"
"Dia1_0062","Type 1 Diabetes","606176"
"Dia1_0063","Type 1 Diabetes","217000"
"Dia1_0064","Type 1 Diabetes","212750"
"Dia1_0065","Type 1 Diabetes","304790"
"Dia1_0066","Type 1 Diabetes","161400"
"Dia1_0067","Type 1 Diabetes","143470"
"Dia1_0068","Type 1 Diabetes","125853"
"Dia1_0069","Type 1 Diabetes","111000"
"Dia1_0070","Type 1 Diabetes","600636"
"Dia1_0071","Type 1 Diabetes","606945"
"Dia1_0072","Type 1 Diabetes","176930"
"Dia1_0073","Type 1 Diabetes","153390"
"Dia1_0074","Type 1 Diabetes","147680"
"Dia1_0075","Type 1 Diabetes","147625"
"Dia1_0076","Type 1 Diabetes","147620"
"Dia1_0077","Type 1 Diabetes","300574"
"Dia1_0078","Type 1 Diabetes","147510"
"Dia1_0079","Type 1 Diabetes","147460"
"Dia1_0080","Type 1 Diabetes","270150"
"Dia1_0081","Type 1 Diabetes","618858"
"Dia1_0082","Type 1 Diabetes","614700"
"Dia1_0083","Type 1 Diabetes","612633"
"Dia1_0084","Type 1 Diabetes","266600"
"Dia1_0085","Type 1 Diabetes","601373"
"Dia1_0086","Type 1 Diabetes","607358"
"Dia1_0087","Type 1 Diabetes","606951"
"Dia1_0088","Type 1 Diabetes","606935"
"Dia1_0089","Type 1 Diabetes","605741"
"Dia1_0090","Type 1 Diabetes","604305"
"Dia1_0091","Type 1 Diabetes","176887"
"Dia1_0092","Type 1 Diabetes","161561"
"Dia1_0093","Type 1 Diabetes","133170"
"Dia1_0094","Type 1 Diabetes","612010"
"Dia1_0095","Type 1 Diabetes","611598"
"Dia1_0096","Type 1 Diabetes","618500"
"Dia1_0097","Type 1 Diabetes","614162"
"Dia1_0098","Type 1 Diabetes","612623"
"Dia1_0099","Type 1 Diabetes","605047"
"Dia1_0101","Type 1 Diabetes","600266"
"Dia1_0102","Type 1 Diabetes","240300"
"Dia1_0103","Type 1 Diabetes","604491"
"Dia1_0104","Type 1 Diabetes","604479"
"Dia1_0105","Type 1 Diabetes","602170"
"Dia1_0106","Type 1 Diabetes","146880"
"Dia1_0107","Type 1 Diabetes","612011"
"Dia1_0108","Type 1 Diabetes","611303"
"Dia1_0109","Type 1 Diabetes","611145"
"Dia1_0110","Type 1 Diabetes","190151"
"Dia1_0111","Type 1 Diabetes","172471"
"Dia1_0112","Type 1 Diabetes","612227"
"Dia1_0113","Type 1 Diabetes","600716"
"Dia1_0114","Type 1 Diabetes","191160"
"Dia1_0115","Type 1 Diabetes","142410"
"Dia1_0116","Type 1 Diabetes","138275"
"Dia1_0117","Type 1 Diabetes","123890"
"Dia1_0118","Type 1 Diabetes","603933"
"Dia1_0119","Type 1 Diabetes","147730"
"Dia1_0120","Type 1 Diabetes","608829"
"Dia1_0121","Type 1 Diabetes","176730"
"Dia1_0122","Type 1 Diabetes","601318"
"Dia1_0123","Type 1 Diabetes","613006"
"Dia1_0124","Type 1 Diabetes","612622"
"Dia1_0125","Type 1 Diabetes","612521"
"Dia1_0126","Type 1 Diabetes","605598"
"Dia1_0127","Type 1 Diabetes","603266"
"Dia1_0128","Type 1 Diabetes","601941"
"Dia1_0129","Type 1 Diabetes","601666"
"Dia1_0130","Type 1 Diabetes","300136"
"Dia1_0131","Type 1 Diabetes","601388"
"Dia1_0132","Type 1 Diabetes","600320"
"Dia1_0133","Type 1 Diabetes","612522"
"Dia1_0134","Type 1 Diabetes","612520"
"Dia1_0135","Type 1 Diabetes","601942"
"Dia1_0136","Type 1 Diabetes","125852"
"Dia1_0137","Type 1 Diabetes","222100"
"Dia1_0138","Type 1 Diabetes","601698"
"Dia2_0001","Type 2 diabetes","601283"
"Dia2_0002","Type 2 diabetes","125853"
"Dia2_0003","Type 2 diabetes","118440"
"Dia2_0004","Type 2 diabetes","615192"
"Dia2_0005","Type 2 diabetes","613460"
"Dia2_0006","Type 2 diabetes","613219"
"Dia2_0007","Type 2 diabetes","613462"
"Dia2_0008","Type 2 diabetes","612226"
"Dia2_0009","Type 2 diabetes","612224"
"Dia2_0010","Type 2 diabetes","612223"
"Dia2_0011","Type 2 diabetes","612221"
"Dia2_0012","Type 2 diabetes","611955"
"Dia2_0013","Type 2 diabetes","611139"
"Dia2_0014","Type 2 diabetes","608982"
"Dia2_0015","Type 2 diabetes","608901"
"Dia2_0016","Type 2 diabetes","605552"
"Dia2_0017","Type 2 diabetes","606771"
"Dia2_0018","Type 2 diabetes","606770"
"Dia2_0019","Type 2 diabetes","604499"
"Dia2_0020","Type 2 diabetes","618891"
"Dia2_0021","Type 2 diabetes","618124"
"Dia2_0022","Type 2 diabetes","616222"
"Dia2_0023","Type 2 diabetes","615346"
"Dia2_0024","Type 2 diabetes","614813"
"Dia2_0025","Type 2 diabetes","614519"
"Dia2_0026","Type 2 diabetes","614296"
"Dia2_0027","Type 2 diabetes","613877"
"Dia2_0028","Type 2 diabetes","612551"
"Dia2_0029","Type 2 diabetes","612526"
"Dia2_0030","Type 2 diabetes","612460"
"Dia2_0031","Type 2 diabetes","610755"
"Dia2_0032","Type 2 diabetes","610582"
"Dia2_0033","Type 2 diabetes","180300"
"Dia2_0034","Type 2 diabetes","176400"
"Dia2_0035","Type 2 diabetes","170650"
"Dia2_0036","Type 2 diabetes","610947"
"Dia2_0037","Type 2 diabetes","158350"
"Dia2_0038","Type 2 diabetes","151660"
"Dia2_0039","Type 2 diabetes","144250"
"Dia2_0040","Type 2 diabetes","606394"
"Dia2_0041","Type 2 diabetes","606392"
"Dia2_0042","Type 2 diabetes","604286"
"Dia2_0043","Type 2 diabetes","253250"
"Dia2_0044","Type 2 diabetes","600803"
"Dia2_0045","Type 2 diabetes","307030"
"Dia2_0046","Type 2 diabetes","125851"
"Dia2_0047","Type 2 diabetes","125850"
"Dia2_0048","Type 2 diabetes","216550"
"Dia2_0049","Type 2 diabetes","211800"
"Dia2_0050","Type 2 diabetes","103780"
"Dia2_0051","Type 2 diabetes","614168"
"Dia2_0052","Type 2 diabetes","613555"
"Dia2_0053","Type 2 diabetes","611800"
"Dia2_0054","Type 2 diabetes","608152"
"Dia2_0055","Type 2 diabetes","182381"
"Dia2_0056","Type 2 diabetes","176830"
"Dia2_0057","Type 2 diabetes","173510"
"Dia2_0058","Type 2 diabetes","606145"
"Dia2_0059","Type 2 diabetes","150330"
"Dia2_0060","Type 2 diabetes","605287"
"Dia2_0061","Type 2 diabetes","605261"
"Dia2_0062","Type 2 diabetes","604623"
"Dia2_0063","Type 2 diabetes","603434"
"Dia2_0064","Type 2 diabetes","603322"
"Dia2_0065","Type 2 diabetes","602447"
"Dia2_0066","Type 2 diabetes","602106"
"Dia2_0067","Type 2 diabetes","602044"
"Dia2_0068","Type 2 diabetes","601373"
"Dia2_0069","Type 2 diabetes","601273"
"Dia2_0070","Type 2 diabetes","600524"
"Dia2_0071","Type 2 diabetes","600509"
"Dia2_0072","Type 2 diabetes","600046"
"Dia2_0073","Type 2 diabetes","141250"
"Dia2_0074","Type 2 diabetes","138030"
"Dia2_0075","Type 2 diabetes","137241"
"Dia2_0076","Type 2 diabetes","123890"
"Dia2_0077","Type 2 diabetes","109691"
"Dia2_0078","Type 2 diabetes","108355"
"Dia2_0079","Type 2 diabetes","105590"
"Dia2_0080","Type 2 diabetes","104210"
"Dia2_0081","Type 2 diabetes","184700"
"Dia2_0082","Type 2 diabetes","100600"
"Dia2_0083","Type 2 diabetes","620009"
"Dia2_0084","Type 2 diabetes","619692"
"Dia2_0085","Type 2 diabetes","618406"
"Dia2_0086","Type 2 diabetes","614653"
"Dia2_0087","Type 2 diabetes","614250"
"Dia2_0088","Type 2 diabetes","612797"
"Dia2_0089","Type 2 diabetes","612623"
"Dia2_0090","Type 2 diabetes","610938"
"Dia2_0091","Type 2 diabetes","270450"
"Dia2_0092","Type 2 diabetes","246650"
"Dia2_0093","Type 2 diabetes","125852"
"Dia2_0094","Type 2 diabetes","208050"
"Dia2_0095","Type 2 diabetes","618831"
"Dia2_0096","Type 2 diabetes","610966"
"Dia2_0097","Type 2 diabetes","155540"
"Dia2_0098","Type 2 diabetes","152200"
"Dia2_0099","Type 2 diabetes","151750"
"Dia2_0101","Type 2 diabetes","605441"
"Dia2_0102","Type 2 diabetes","601040"
"Dia2_0103","Type 2 diabetes","600842"
"Dia2_0104","Type 2 diabetes","600829"
"Dia2_0105","Type 2 diabetes","600713"
"Dia2_0106","Type 2 diabetes","600291"
"Dia2_0107","Type 2 diabetes","138275"
"Dia2_0108","Type 2 diabetes","136533"
"Dia2_0109","Type 2 diabetes","134640"
"Dia2_0110","Type 2 diabetes","131210"
"Dia2_0111","Type 2 diabetes","192240"
"Dia2_0112","Type 2 diabetes","187011"
"Dia2_0113","Type 2 diabetes","110300"
"Dia2_0114","Type 2 diabetes","612108"
"Dia2_0115","Type 2 diabetes","611892"
"Dia2_0116","Type 2 diabetes","611891"
"Dia2_0117","Type 2 diabetes","606035"
"Dia2_0118","Type 2 diabetes","222100"
"Dia2_0119","Type 2 diabetes","619326"
"Dia2_0120","Type 2 diabetes","617885"
"Dia2_0121","Type 2 diabetes","616329"
"Dia2_0122","Type 2 diabetes","615980"
"Dia2_0123","Type 2 diabetes","264070"
"Dia2_0124","Type 2 diabetes","235200"
"Dia2_0125","Type 2 diabetes","203800"
"Dia2_0126","Type 2 diabetes","600496"
"Dia2_0127","Type 2 diabetes","179503"
"Dia2_0128","Type 2 diabetes","147440"
"Dia2_0129","Type 2 diabetes","606844"
"Dia2_0130","Type 2 diabetes","606283"
"Dia2_0131","Type 2 diabetes","600281"
"Dia2_0132","Type 2 diabetes","138190"
"Dia2_0133","Type 2 diabetes","600434"
"Dia2_0134","Type 2 diabetes","612634"
"Dia2_0135","Type 2 diabetes","612628"
"Dia2_0136","Type 2 diabetes","614411"
"Dia2_0137","Type 2 diabetes","601665"
"Dia2_0138","Type 2 diabetes","617471"
"Dia2_0139","Type 2 diabetes","151670"
"Dia2_0140","Type 2 diabetes","147370"
"Dia2_0141","Type 2 diabetes","604641"
"Dia2_0142","Type 2 diabetes","601398"
"Dia2_0143","Type 2 diabetes","600797"
"Dia2_0144","Type 2 diabetes","600733"
"Dia2_0145","Type 2 diabetes","600160"
"Dia2_0146","Type 2 diabetes","600431"
"Dia2_0147","Type 2 diabetes","114855"
"Dia2_0148","Type 2 diabetes","618807"
"Dia2_0149","Type 2 diabetes","618620"
"Dia2_0150","Type 2 diabetes","260370"
"Dia2_0151","Type 2 diabetes","147880"
"Dia2_0152","Type 2 diabetes","147510"
"Dia2_0153","Type 2 diabetes","606361"
"Dia2_0154","Type 2 diabetes","601693"
"Dia2_0155","Type 2 diabetes","601601"
"Dia2_0156","Type 2 diabetes","138160"
"Dia2_0157","Type 2 diabetes","138079"
"Dia2_0158","Type 2 diabetes","612556"
"Dia2_0159","Type 2 diabetes","180250"
"Dia2_0160","Type 2 diabetes","147940"
"Dia2_0161","Type 2 diabetes","147460"
"Dia2_0162","Type 2 diabetes","605565"
"Dia2_0163","Type 2 diabetes","189907"
"Dia2_0164","Type 2 diabetes","602974"
"Dia2_0165","Type 2 diabetes","612635"
"Dia2_0166","Type 2 diabetes","612227"
"Dia2_0167","Type 2 diabetes","176730"
"Dia2_0168","Type 2 diabetes","173335"
"Dia2_0169","Type 2 diabetes","147679"
"Dia2_0170","Type 2 diabetes","605537"
"Dia2_0171","Type 2 diabetes","606201"
"Dia2_0172","Type 2 diabetes","606391"
"Dia2_0173","Type 2 diabetes","138570"
"Dia2_0174","Type 2 diabetes","191160"
"Dia2_0175","Type 2 diabetes","613463"
"Dia2_0176","Type 2 diabetes","613609"
"Dia2_0177","Type 2 diabetes","612465"
"Dia2_0178","Type 2 diabetes","147620"
"Dia2_0179","Type 2 diabetes","603933"
"Dia2_0180","Type 2 diabetes","600804"
"Dia2_0181","Type 2 diabetes","615765"
"Dia2_0182","Type 2 diabetes","611259"
"Dia2_0183","Type 2 diabetes","167413"
"Dia2_0184","Type 2 diabetes","600937"
"Dia2_0185","Type 2 diabetes","613233"
"Dia2_0186","Type 2 diabetes","600701"
"Dia2_0187","Type 2 diabetes","608289"
"Dia2_0188","Type 2 diabetes","142410"
"Dia2_0189","Type 2 diabetes","611145"
"Dia2_0190","Type 2 diabetes","605286"
"Dia2_0191","Type 2 diabetes","601487"
"Dia2_0192","Type 2 diabetes","602228"
"Dia2_0193","Type 2 diabetes","608036"
"Dia2_0194","Type 2 diabetes","603694"
"Dia2_0195","Type 2 diabetes","601407"
"Dia2_0196","Type 2 diabetes","615812"
"Dia2_0197","Type 2 diabetes","616087"
"NSclc_0001","Non-Small cell lung cancer","211980"
"NSclc_0002","Non-Small cell lung cancer","617819"
"NSclc_0003","Non-Small cell lung cancer","616073"
"NSclc_0004","Non-Small cell lung cancer","614447"
"NSclc_0005","Non-Small cell lung cancer","161560"
"NSclc_0006","Non-Small cell lung cancer","147796"
"NSclc_0007","Non-Small cell lung cancer","620119"
"NSclc_0008","Non-Small cell lung cancer","619152"
"NSclc_0009","Non-Small cell lung cancer","618045"
"NSclc_0010","Non-Small cell lung cancer","617997"
"NSclc_0011","Non-Small cell lung cancer","617987"
"NSclc_0012","Non-Small cell lung cancer","615741"
"NSclc_0013","Non-Small cell lung cancer","615002"
"NSclc_0014","Non-Small cell lung cancer","614549"
"NSclc_0015","Non-Small cell lung cancer","613125"
"NSclc_0016","Non-Small cell lung cancer","612667"
"NSclc_0017","Non-Small cell lung cancer","611917"
"NSclc_0018","Non-Small cell lung cancer","611735"
"NSclc_0019","Non-Small cell lung cancer","611731"
"NSclc_0020","Non-Small cell lung cancer","608307"
"NSclc_0021","Non-Small cell lung cancer","608295"
"NSclc_0022","Non-Small cell lung cancer","608241"
"NSclc_0023","Non-Small cell lung cancer","176975"
"NSclc_0024","Non-Small cell lung cancer","171840"
"NSclc_0025","Non-Small cell lung cancer","164950"
"NSclc_0026","Non-Small cell lung cancer","147780"
"NSclc_0027","Non-Small cell lung cancer","147575"
"NSclc_0028","Non-Small cell lung cancer","146928"
"NSclc_0029","Non-Small cell lung cancer","605402"
"NSclc_0030","Non-Small cell lung cancer","604584"
"NSclc_0031","Non-Small cell lung cancer","300625"
"NSclc_0032","Non-Small cell lung cancer","300564"
"NSclc_0033","Non-Small cell lung cancer","607052"
"NSclc_0034","Non-Small cell lung cancer","606884"
"NSclc_0035","Non-Small cell lung cancer","603306"
"NSclc_0036","Non-Small cell lung cancer","603254"
"NSclc_0037","Non-Small cell lung cancer","602559"
"NSclc_0038","Non-Small cell lung cancer","602446"
"NSclc_0039","Non-Small cell lung cancer","602430"
"NSclc_0040","Non-Small cell lung cancer","601721"
"NSclc_0041","Non-Small cell lung cancer","601712"
"NSclc_0042","Non-Small cell lung cancer","601573"
"NSclc_0043","Non-Small cell lung cancer","601364"
"NSclc_0044","Non-Small cell lung cancer","601281"
"NSclc_0045","Non-Small cell lung cancer","600636"
"NSclc_0046","Non-Small cell lung cancer","600299"
"NSclc_0047","Non-Small cell lung cancer","136950"
"NSclc_0048","Non-Small cell lung cancer","126430"
"NSclc_0049","Non-Small cell lung cancer","189909"
"NSclc_0050","Non-Small cell lung cancer","603022"
"NSclc_0051","Non-Small cell lung cancer","109135"
"NSclc_0052","Non-Small cell lung cancer","109092"
"NSclc_0053","Non-Small cell lung cancer","156240"
"NSclc_0054","Non-Small cell lung cancer","619997"
"NSclc_0055","Non-Small cell lung cancer","619450"
"NSclc_0056","Non-Small cell lung cancer","618518"
"NSclc_0057","Non-Small cell lung cancer","617029"
"NSclc_0058","Non-Small cell lung cancer","616862"
"NSclc_0059","Non-Small cell lung cancer","615111"
"NSclc_0060","Non-Small cell lung cancer","611794"
"NSclc_0061","Non-Small cell lung cancer","609626"
"NSclc_0062","Non-Small cell lung cancer","608766"
"NSclc_0063","Non-Small cell lung cancer","164757"
"NSclc_0064","Non-Small cell lung cancer","605686"
"NSclc_0065","Non-Small cell lung cancer","300702"
"NSclc_0066","Non-Small cell lung cancer","604373"
"NSclc_0067","Non-Small cell lung cancer","602865"
"NSclc_0068","Non-Small cell lung cancer","602369"
"NSclc_0069","Non-Small cell lung cancer","600303"
"NSclc_0070","Non-Small cell lung cancer","600492"
"NSclc_0071","Non-Small cell lung cancer","182280"
"NSclc_0072","Non-Small cell lung cancer","612052"
"NSclc_0073","Non-Small cell lung cancer","619277"
"NSclc_0074","Non-Small cell lung cancer","164870"
"NSclc_0075","Non-Small cell lung cancer","153619"
"NSclc_0076","Non-Small cell lung cancer","605082"
"NSclc_0077","Non-Small cell lung cancer","300159"
"NSclc_0078","Non-Small cell lung cancer","600160"
"NSclc_0079","Non-Small cell lung cancer","191170"
"NSclc_0080","Non-Small cell lung cancer","118503"
"NSclc_0081","Non-Small cell lung cancer","611649"
"NSclc_0082","Non-Small cell lung cancer","607924"
"NSclc_0083","Non-Small cell lung cancer","607442"
"NSclc_0084","Non-Small cell lung cancer","190070"
"NSclc_0085","Non-Small cell lung cancer","171834"
"NSclc_0086","Non-Small cell lung cancer","191130"
"NSclc_0087","Non-Small cell lung cancer","105590"
"NSclc_0088","Non-Small cell lung cancer","131550"
"NSclc_0089","Non-Small cell lung cancer","603040"
"Obe_0001","Obesity","610156"
"Obe_0002","Obesity","162150"
"Obe_0003","Obesity","155540"
"Obe_0004","Obesity","602974"
"Obe_0005","Obesity","105830"
"Obe_0006","Obesity","605441"
"Obe_0007","Obesity","100800"
"Obe_0008","Obesity","613037"
"Obe_0009","Obesity","611693"
"Obe_0010","Obesity","609850"
"Obe_0011","Obesity","609708"
"Obe_0012","Obesity","608981"
"Obe_0013","Obesity","608937"
"Obe_0014","Obesity","608507"
"Obe_0015","Obesity","608440"
"Obe_0016","Obesity","607817"
"Obe_0017","Obesity","173510"
"Obe_0018","Obesity","163730"
"Obe_0019","Obesity","162650"
"Obe_0020","Obesity","151750"
"Obe_0021","Obesity","605286"
"Obe_0022","Obesity","604900"
"Obe_0023","Obesity","300304"
"Obe_0024","Obesity","606803"
"Obe_0025","Obesity","606151"
"Obe_0026","Obesity","604417"
"Obe_0027","Obesity","604158"
"Obe_0028","Obesity","604033"
"Obe_0029","Obesity","516020"
"Obe_0030","Obesity","140550"
"Obe_0031","Obesity","138275"
"Obe_0032","Obesity","138190"
"Obe_0033","Obesity","138040"
"Obe_0034","Obesity","107741"
"Obe_0035","Obesity","107730"
"Obe_0036","Obesity","300218"
"Obe_0037","Obesity","107650"
"Obe_0038","Obesity","618157"
"Obe_0039","Obesity","615994"
"Obe_0040","Obesity","615993"
"Obe_0041","Obesity","615984"
"Obe_0042","Obesity","615981"
"Obe_0043","Obesity","613192"
"Obe_0044","Obesity","607872"
"Obe_0045","Obesity","181450"
"Obe_0046","Obesity","300869"
"Obe_0047","Obesity","600803"
"Obe_0048","Obesity","309580"
"Obe_0049","Obesity","201910"
"Obe_0050","Obesity","201000"
"Obe_0051","Obesity","600430"
"Obe_0052","Obesity","611796"
"Obe_0053","Obesity","609443"
"Obe_0054","Obesity","609336"
"Obe_0055","Obesity","608886"
"Obe_0056","Obesity","162361"
"Obe_0057","Obesity","607449"
"Obe_0058","Obesity","606416"
"Obe_0059","Obesity","604346"
"Obe_0060","Obesity","603506"
"Obe_0061","Obesity","603258"
"Obe_0062","Obesity","603130"
"Obe_0063","Obesity","601751"
"Obe_0064","Obesity","601546"
"Obe_0065","Obesity","600953"
"Obe_0066","Obesity","600933"
"Obe_0067","Obesity","600698"
"Obe_0068","Obesity","133435"
"Obe_0069","Obesity","604517"
"Obe_0070","Obesity","118444"
"Obe_0071","Obesity","619471"
"Obe_0072","Obesity","618160"
"Obe_0073","Obesity","615996"
"Obe_0074","Obesity","182290"
"Obe_0075","Obesity","300354"
"Obe_0076","Obesity","301900"
"Obe_0077","Obesity","103580"
"Obe_0078","Obesity","617471"
"Obe_0079","Obesity","613524"
"Obe_0080","Obesity","607642"
"Obe_0081","Obesity","170290"
"Obe_0082","Obesity","150330"
"Obe_0083","Obesity","147470"
"Obe_0084","Obesity","601047"
"Obe_0085","Obesity","600945"
"Obe_0086","Obesity","139320"
"Obe_0087","Obesity","133430"
"Obe_0088","Obesity","194355"
"Obe_0089","Obesity","103200"
"Obe_0090","Obesity","614202"
"Obe_0091","Obesity","609044"
"Obe_0092","Obesity","600713"
"Obe_0093","Obesity","600374"
"Obe_0094","Obesity","137241"
"Obe_0095","Obesity","113505"
"Obe_0096","Obesity","102720"
"Obe_0097","Obesity","617119"
"Obe_0098","Obesity","615835"
"Obe_0099","Obesity","162640"
"Obe_0101","Obesity","190180"
"Obe_0102","Obesity","114855"
"Obe_0103","Obesity","184700"
"Obe_0104","Obesity","619755"
"Obe_0105","Obesity","619326"
"Obe_0106","Obesity","617752"
"Obe_0107","Obesity","615586"
"Obe_0108","Obesity","613084"
"Obe_0109","Obesity","604630"
"Obe_0110","Obesity","601158"
"Obe_0111","Obesity","600781"
"Obe_0112","Obesity","600151"
"Obe_0113","Obesity","147670"
"Obe_0114","Obesity","606844"
"Obe_0115","Obesity","611913"
"Obe_0116","Obesity","176885"
"Obe_0117","Obesity","605565"
"Obe_0118","Obesity","603128"
"Obe_0119","Obesity","602311"
"Obe_0120","Obesity","601197"
"Obe_0121","Obesity","600797"
"Obe_0122","Obesity","615982"
"Obe_0123","Obesity","605231"
"Obe_0124","Obesity","615759"
"Obe_0125","Obesity","615410"
"Obe_0126","Obesity","600456"
"Obe_0127","Obesity","176730"
"Obe_0128","Obesity","604896"
"Obe_0129","Obesity","191160"
"Obe_0130","Obesity","186357"
"Obe_0131","Obesity","118945"
"Obe_0132","Obesity","125853"
"Obe_0133","Obesity","600291"
"Obe_0134","Obesity","612459"
"Obe_0135","Obesity","605353"
"Obe_0136","Obesity","600201"
"Obe_0137","Obesity","113730"
"Obe_0138","Obesity","203800"
"Obe_0139","Obesity","602606"
"Obe_0140","Obesity","602044"
"Obe_0141","Obesity","173335"
"Obe_0142","Obesity","209900"
"Obe_0143","Obesity","601693"
"Obe_0144","Obesity","606641"
"Obe_0145","Obesity","109691"
"Obe_0146","Obesity","601487"
"Obe_0147","Obesity","176270"
"Obe_0148","Obesity","601007"
"Obe_0149","Obesity","176830"
"Obe_0150","Obesity","164160"
"Obe_0151","Obesity","155541"
"Obe_0152","Obesity","617549"
"Obe_0153","Obesity","610966"
"Obe_0154","Obesity","608410"
"Obe_0155","Obesity","605572"
"Obe_0156","Obesity","300306"
"Obe_0157","Obesity","603188"
"Obe_0158","Obesity","601794"
"Obe_0159","Obesity","620195"
"Obe_0160","Obesity","618620"
"Obe_0161","Obesity","617991"
"Obe_0162","Obesity","617885"
"Obe_0163","Obesity","617296"
"Obe_0164","Obesity","616521"
"Obe_0165","Obesity","616368"
"Obe_0166","Obesity","616188"
"Obe_0167","Obesity","615703"
"Obe_0168","Obesity","615457"
"Obe_0169","Obesity","614963"
"Obe_0170","Obesity","614962"
"Obe_0171","Obesity","613886"
"Obe_0172","Obesity","613444"
"Obe_0173","Obesity","612460"
"Obe_0174","Obesity","612362"
"Obe_0175","Obesity","609734"
"Obe_0176","Obesity","300148"
"Obe_0177","Obesity","607514"
"Obe_0178","Obesity","607447"
"Obe_0179","Obesity","602025"
"Obe_0180","Obesity","600955"
"Obe_0181","Obesity","309585"
"Obe_0182","Obesity","216550"
"Obe_0183","Obesity","601665"
"Obe_0184","Obesity","605552"
"Obe_0185","Obesity","606772"
"Obe_0186","Obesity","618406"
"Obe_0187","Obesity","615812"
"Obe_0188","Obesity","612469"
"Ova_0001","Ovarian cancer","604370"
"Ova_0002","Ovarian cancer","613635"
"Ova_0003","Ovarian cancer","609243"
"Ova_0004","Ovarian cancer","608828"
"Ova_0005","Ovarian cancer","608574"
"Ova_0006","Ovarian cancer","166490"
"Ova_0007","Ovarian cancer","613867"
"Ova_0008","Ovarian cancer","613844"
"Ova_0009","Ovarian cancer","613400"
"Ova_0010","Ovarian cancer","613360"
"Ova_0011","Ovarian cancer","613234"
"Ova_0012","Ovarian cancer","612585"
"Ova_0013","Ovarian cancer","612510"
"Ova_0014","Ovarian cancer","611232"
"Ova_0015","Ovarian cancer","610672"
"Ova_0016","Ovarian cancer","608522"
"Ova_0017","Ovarian cancer","608464"
"Ova_0018","Ovarian cancer","608413"
"Ova_0019","Ovarian cancer","608295"
"Ova_0020","Ovarian cancer","608254"
"Ova_0021","Ovarian cancer","608162"
"Ova_0022","Ovarian cancer","607950"
"Ova_0023","Ovarian cancer","607938"
"Ova_0024","Ovarian cancer","607679"
"Ova_0025","Ovarian cancer","173870"
"Ova_0026","Ovarian cancer","173325"
"Ova_0027","Ovarian cancer","166945"
"Ova_0028","Ovarian cancer","616092"
"Ova_0029","Ovarian cancer","612942"
"Ova_0030","Ovarian cancer","611011"
"Ova_0031","Ovarian cancer","159559"
"Ova_0032","Ovarian cancer","155120"
"Ova_0033","Ovarian cancer","153455"
"Ova_0034","Ovarian cancer","147370"
"Ova_0035","Ovarian cancer","605643"
"Ova_0036","Ovarian cancer","605638"
"Ova_0037","Ovarian cancer","605367"
"Ova_0038","Ovarian cancer","605114"
"Ova_0039","Ovarian cancer","604881"
"Ova_0040","Ovarian cancer","300840"
"Ova_0041","Ovarian cancer","300654"
"Ova_0042","Ovarian cancer","300070"
"Ova_0043","Ovarian cancer","300050"
"Ova_0044","Ovarian cancer","606608"
"Ova_0045","Ovarian cancer","606357"
"Ova_0046","Ovarian cancer","606229"
"Ova_0047","Ovarian cancer","604378"
"Ova_0048","Ovarian cancer","603946"
"Ova_0049","Ovarian cancer","603612"
"Ova_0050","Ovarian cancer","603241"
"Ova_0051","Ovarian cancer","603113"
"Ova_0052","Ovarian cancer","602929"
"Ova_0053","Ovarian cancer","602920"
"Ova_0054","Ovarian cancer","602645"
"Ova_0055","Ovarian cancer","601728"
"Ova_0056","Ovarian cancer","601712"
"Ova_0057","Ovarian cancer","601573"
"Ova_0058","Ovarian cancer","601566"
"Ova_0059","Ovarian cancer","601426"
"Ova_0060","Ovarian cancer","601281"
"Ova_0061","Ovarian cancer","600723"
"Ova_0062","Ovarian cancer","600267"
"Ova_0063","Ovarian cancer","600160"
"Ova_0064","Ovarian cancer","600074"
"Ova_0065","Ovarian cancer","134637"
"Ova_0066","Ovarian cancer","131244"
"Ova_0067","Ovarian cancer","190070"
"Ova_0068","Ovarian cancer","189990"
"Ova_0069","Ovarian cancer","600453"
"Ova_0070","Ovarian cancer","603024"
"Ova_0071","Ovarian cancer","116810"
"Ova_0072","Ovarian cancer","109684"
"Ova_0073","Ovarian cancer","155600"
"Ova_0074","Ovarian cancer","131200"
"Ova_0075","Ovarian cancer","619975"
"Ova_0076","Ovarian cancer","614337"
"Ova_0077","Ovarian cancer","614327"
"Ova_0078","Ovarian cancer","614320"
"Ova_0079","Ovarian cancer","613659"
"Ova_0080","Ovarian cancer","613347"
"Ova_0081","Ovarian cancer","613325"
"Ova_0082","Ovarian cancer","158320"
"Ova_0083","Ovarian cancer","619655"
"Ova_0084","Ovarian cancer","617322"
"Ova_0085","Ovarian cancer","617264"
"Ova_0086","Ovarian cancer","615764"
"Ova_0087","Ovarian cancer","614554"
"Ova_0088","Ovarian cancer","612473"
"Ova_0089","Ovarian cancer","612398"
"Ova_0090","Ovarian cancer","611153"
"Ova_0091","Ovarian cancer","610355"
"Ova_0092","Ovarian cancer","610012"
"Ova_0093","Ovarian cancer","609644"
"Ova_0094","Ovarian cancer","608777"
"Ova_0095","Ovarian cancer","171050"
"Ova_0096","Ovarian cancer","612944"
"Ova_0097","Ovarian cancer","612912"
"Ova_0098","Ovarian cancer","609194"
"Ova_0099","Ovarian cancer","614440"
"Ova_0101","Ovarian cancer","146733"
"Ova_0102","Ovarian cancer","605644"
"Ova_0103","Ovarian cancer","605422"
"Ova_0104","Ovarian cancer","605131"
"Ova_0105","Ovarian cancer","605106"
"Ova_0106","Ovarian cancer","300682"
"Ova_0107","Ovarian cancer","300620"
"Ova_0108","Ovarian cancer","604373"
"Ova_0109","Ovarian cancer","604238"
"Ova_0110","Ovarian cancer","603574"
"Ova_0111","Ovarian cancer","602652"
"Ova_0112","Ovarian cancer","602194"
"Ova_0113","Ovarian cancer","601937"
"Ova_0114","Ovarian cancer","601385"
"Ova_0115","Ovarian cancer","600678"
"Ova_0116","Ovarian cancer","600551"
"Ova_0117","Ovarian cancer","600408"
"Ova_0118","Ovarian cancer","600212"
"Ova_0119","Ovarian cancer","600098"
"Ova_0120","Ovarian cancer","600008"
"Ova_0121","Ovarian cancer","133430"
"Ova_0122","Ovarian cancer","602959"
"Ova_0123","Ovarian cancer","120360"
"Ova_0124","Ovarian cancer","116806"
"Ova_0125","Ovarian cancer","112203"
"Ova_0126","Ovarian cancer","615723"
"Ova_0127","Ovarian cancer","615134"
"Ova_0128","Ovarian cancer","176807"
"Ova_0129","Ovarian cancer","148500"
"Ova_0130","Ovarian cancer","260350"
"Ova_0131","Ovarian cancer","617500"
"Ova_0132","Ovarian cancer","616644"
"Ova_0133","Ovarian cancer","616348"
"Ova_0134","Ovarian cancer","614776"
"Ova_0135","Ovarian cancer","142958"
"Ova_0136","Ovarian cancer","142957"
"Ova_0137","Ovarian cancer","142956"
"Ova_0138","Ovarian cancer","142950"
"Ova_0139","Ovarian cancer","605100"
"Ova_0140","Ovarian cancer","300771"
"Ova_0141","Ovarian cancer","606154"
"Ova_0142","Ovarian cancer","604419"
"Ova_0143","Ovarian cancer","603044"
"Ova_0144","Ovarian cancer","192240"
"Ova_0145","Ovarian cancer","192090"
"Ova_0146","Ovarian cancer","191170"
"Ova_0147","Ovarian cancer","188230"
"Ova_0148","Ovarian cancer","300929"
"Ova_0149","Ovarian cancer","617434"
"Ova_0150","Ovarian cancer","167790"
"Ova_0151","Ovarian cancer","164730"
"Ova_0152","Ovarian cancer","605504"
"Ova_0153","Ovarian cancer","607294"
"Ova_0154","Ovarian cancer","606278"
"Ova_0155","Ovarian cancer","606241"
"Ova_0156","Ovarian cancer","604124"
"Ova_0157","Ovarian cancer","602667"
"Ova_0158","Ovarian cancer","602216"
"Ova_0159","Ovarian cancer","601051"
"Ova_0160","Ovarian cancer","607995"
"Ova_0161","Ovarian cancer","179617"
"Ova_0162","Ovarian cancer","605882"
"Ova_0163","Ovarian cancer","605193"
"Ova_0164","Ovarian cancer","604607"
"Ova_0165","Ovarian cancer","602544"
"Ova_0166","Ovarian cancer","614350"
"Ova_0167","Ovarian cancer","609309"
"Ova_0168","Ovarian cancer","607606"
"Ova_0169","Ovarian cancer","605782"
"Ova_0170","Ovarian cancer","605402"
"Ova_0171","Ovarian cancer","601593"
"Ova_0172","Ovarian cancer","190020"
"Ova_0173","Ovarian cancer","604033"
"Ova_0174","Ovarian cancer","194355"
"Ova_0175","Ovarian cancer","144200"
"Ova_0176","Ovarian cancer","164870"
"Ova_0177","Ovarian cancer","600632"
"Ova_0178","Ovarian cancer","617883"
"Ova_0179","Ovarian cancer","171834"
"Ova_0180","Ovarian cancer","114480"
"Ova_0181","Ovarian cancer","120435"
"Ova_0182","Ovarian cancer","602954"
"Ova_0183","Ovarian cancer","600185"
"Ova_0184","Ovarian cancer","602774"
"Ova_0185","Ovarian cancer","113705"
"Ova_0186","Ovarian cancer","620054"
"Ova_0187","Ovarian cancer","619530"
"Ova_0188","Ovarian cancer","607896"
"Ova_0189","Ovarian cancer","603527"
"Ova_0190","Ovarian cancer","601404"
"Ova_0191","Ovarian cancer","601236"
"Ova_0192","Ovarian cancer","136430"
"Ova_0193","Ovarian cancer","607893"
"Ova_0194","Ovarian cancer","614291"
"Ova_0195","Ovarian cancer","613399"
"Ova_0196","Ovarian cancer","612555"
"Ova_0197","Ovarian cancer","167000"
"Phe_0001","Phenylketonuria","261600"
"Phe_0002","Phenylketonuria","612719"
"Phe_0003","Phenylketonuria","300401"
"Phe_0004","Phenylketonuria","607474"
"Phe_0005","Phenylketonuria","606829"
"Phe_0006","Phenylketonuria","603758"
"Phe_0007","Phenylketonuria","608049"
"Phe_0008","Phenylketonuria","607373"
"Phe_0009","Phenylketonuria","212200"
"Phe_0010","Phenylketonuria","613163"
"Phe_0011","Phenylketonuria","612716"
"Phe_0012","Phenylketonuria","608636"
"Phe_0013","Phenylketonuria","151600"
"Phe_0014","Phenylketonuria","300496"
"Phe_0015","Phenylketonuria","300495"
"Phe_0016","Phenylketonuria","300425"
"Phe_0017","Phenylketonuria","276600"
"Phe_0018","Phenylketonuria","256300"
"Phe_0019","Phenylketonuria","236200"
"Phe_0020","Phenylketonuria","234500"
"Phe_0021","Phenylketonuria","233910"
"Phe_0022","Phenylketonuria","225100"
"Phe_0023","Phenylketonuria","601815"
"Phe_0024","Phenylketonuria","208400"
"Phe_0025","Phenylketonuria","612210"
"Phe_0026","Phenylketonuria","182125"
"Phe_0027","Phenylketonuria","142410"
"Phe_0028","Phenylketonuria","250900"
"Phe_0029","Phenylketonuria","249500"
"Phe_0030","Phenylketonuria","237900"
"Phe_0031","Phenylketonuria","209850"
"Phe_0032","Phenylketonuria","261630"
"Phe_0033","Phenylketonuria","261640"
"Phe_0034","Phenylketonuria","612349"
"Pro_0001","Prostate cancer","605097"
"Pro_0002","Prostate cancer","602650"
"Pro_0003","Prostate cancer","602060"
"Pro_0004","Prostate cancer","192090"
"Pro_0005","Prostate cancer","609205"
"Pro_0006","Prostate cancer","154790"
"Pro_0007","Prostate cancer","607189"
"Pro_0008","Prostate cancer","606878"
"Pro_0009","Prostate cancer","603406"
"Pro_0010","Prostate cancer","603248"
"Pro_00100","Prostate cancer","607281"
"Pro_0011","Prostate cancer","603162"
"Pro_0012","Prostate cancer","602822"
"Pro_0013","Prostate cancer","602728"
"Pro_0014","Prostate cancer","602692"
"Pro_0015","Prostate cancer","602619"
"Pro_0016","Prostate cancer","601984"
"Pro_0017","Prostate cancer","601364"
"Pro_0018","Prostate cancer","601241"
"Pro_0019","Prostate cancer","600934"
"Pro_0020","Prostate cancer","600725"
"Pro_0021","Prostate cancer","600160"
"Pro_0022","Prostate cancer","600150"
"Pro_0023","Prostate cancer","480100"
"Pro_0024","Prostate cancer","128990"
"Pro_0025","Prostate cancer","125264"
"Pro_0026","Prostate cancer","190070"
"Pro_0027","Prostate cancer","186910"
"Pro_0028","Prostate cancer","300994"
"Pro_0029","Prostate cancer","600483"
"Pro_0030","Prostate cancer","601663"
"Pro_0031","Prostate cancer","120436"
"Pro_0032","Prostate cancer","613498"
"Pro_0033","Prostate cancer","600082"
"Pro_0034","Prostate cancer","601228"
"Pro_0035","Prostate cancer","125853"
"Pro_0036","Prostate cancer","619116"
"Pro_0037","Prostate cancer","617688"
"Pro_0038","Prostate cancer","616250"
"Pro_0039","Prostate cancer","614510"
"Pro_0040","Prostate cancer","614509"
"Pro_0041","Prostate cancer","613186"
"Pro_0042","Prostate cancer","611888"
"Pro_0043","Prostate cancer","611715"
"Pro_0044","Prostate cancer","611314"
"Pro_0045","Prostate cancer","610657"
"Pro_0046","Prostate cancer","609492"
"Pro_0047","Prostate cancer","608749"
"Pro_0048","Prostate cancer","608385"
"Pro_0049","Prostate cancer","608067"
"Pro_0050","Prostate cancer","180980"
"Pro_0051","Prostate cancer","164870"
"Pro_0052","Prostate cancer","610989"
"Pro_0053","Prostate cancer","300669"
"Pro_0054","Prostate cancer","300287"
"Pro_0055","Prostate cancer","300188"
"Pro_0056","Prostate cancer","606877"
"Pro_0057","Prostate cancer","606680"
"Pro_0058","Prostate cancer","606246"
"Pro_0059","Prostate cancer","602686"
"Pro_0060","Prostate cancer","602341"
"Pro_0061","Prostate cancer","601936"
"Pro_0062","Prostate cancer","601600"
"Pro_0063","Prostate cancer","601231"
"Pro_0064","Prostate cancer","600711"
"Pro_0065","Prostate cancer","139191"
"Pro_0066","Prostate cancer","191170"
"Pro_0067","Prostate cancer","190080"
"Pro_0068","Prostate cancer","189907"
"Pro_0069","Prostate cancer","609310"
"Pro_0070","Prostate cancer","114480"
"Pro_0071","Prostate cancer","620064"
"Pro_0072","Prostate cancer","618053"
"Pro_0073","Prostate cancer","617552"
"Pro_0074","Prostate cancer","617314"
"Pro_0075","Prostate cancer","613786"
"Pro_0076","Prostate cancer","613505"
"Pro_0077","Prostate cancer","613481"
"Pro_0078","Prostate cancer","613184"
"Pro_0079","Prostate cancer","613131"
"Pro_0080","Prostate cancer","610601"
"Pro_0081","Prostate cancer","610345"
"Pro_0082","Prostate cancer","610323"
"Pro_0083","Prostate cancer","608160"
"Pro_0084","Prostate cancer","614489"
"Pro_0085","Prostate cancer","607549"
"Pro_0086","Prostate cancer","601053"
"Pro_0087","Prostate cancer","600664"
"Pro_0088","Prostate cancer","301011"
"Pro_0089","Prostate cancer","300068"
"Pro_0090","Prostate cancer","618191"
"Pro_0091","Prostate cancer","617269"
"Pro_0092","Prostate cancer","615531"
"Pro_0093","Prostate cancer","612236"
"Pro_0094","Prostate cancer","611734"
"Pro_0095","Prostate cancer","611098"
"Pro_0096","Prostate cancer","607635"
"Pro_0097","Prostate cancer","610962"
"Pro_0098","Prostate cancer","164160"
"Pro_0099","Prostate cancer","605120"
"Pro_0101","Prostate cancer","607138"
"Pro_0102","Prostate cancer","603767"
"Pro_0103","Prostate cancer","602681"
"Pro_0104","Prostate cancer","601767"
"Pro_0105","Prostate cancer","601329"
"Pro_0106","Prostate cancer","600033"
"Pro_0107","Prostate cancer","400022"
"Pro_0108","Prostate cancer","186360"
"Pro_0109","Prostate cancer","104155"
"Pro_0110","Prostate cancer","612555"
"Pro_0111","Prostate cancer","604370"
"Pro_0112","Prostate cancer","617122"
"Pro_0113","Prostate cancer","611268"
"Pro_0114","Prostate cancer","609922"
"Pro_0115","Prostate cancer","173870"
"Pro_0116","Prostate cancer","614451"
"Pro_0117","Prostate cancer","606861"
"Pro_0118","Prostate cancer","606591"
"Pro_0119","Prostate cancer","606551"
"Pro_0120","Prostate cancer","604415"
"Pro_0121","Prostate cancer","602470"
"Pro_0122","Prostate cancer","602465"
"Pro_0123","Prostate cancer","602260"
"Pro_0124","Prostate cancer","601047"
"Pro_0125","Prostate cancer","142440"
"Pro_0126","Prostate cancer","611469"
"Pro_0127","Prostate cancer","612659"
"Pro_0128","Prostate cancer","611267"
"Pro_0129","Prostate cancer","164960"
"Pro_0130","Prostate cancer","147380"
"Pro_0131","Prostate cancer","606628"
"Pro_0132","Prostate cancer","600993"
"Pro_0133","Prostate cancer","600778"
"Pro_0134","Prostate cancer","139190"
"Pro_0135","Prostate cancer","605878"
"Pro_0136","Prostate cancer","605443"
"Pro_0137","Prostate cancer","602041"
"Pro_0138","Prostate cancer","120435"
"Pro_0139","Prostate cancer","147440"
"Pro_0140","Prostate cancer","613117"
"Pro_0141","Prostate cancer","601487"
"Pro_0142","Prostate cancer","602294"
"Pro_0143","Prostate cancer","602053"
"Pro_0144","Prostate cancer","600541"
"Pro_0145","Prostate cancer","600020"
"Pro_0146","Prostate cancer","165080"
"Pro_0147","Prostate cancer","180435"
"Pro_0148","Prostate cancer","607306"
"Pro_0149","Prostate cancer","601573"
"Pro_0150","Prostate cancer","124010"
"Pro_0151","Prostate cancer","600997"
"Pro_0152","Prostate cancer","600185"
"Pro_0153","Prostate cancer","113705"
"Pro_0154","Prostate cancer","157145"
"Pro_0155","Prostate cancer","604607"
"Pro_0156","Prostate cancer","153622"
"Pro_0157","Prostate cancer","601728"
"Pro_0158","Prostate cancer","604373"
"Pro_0159","Prostate cancer","605367"
"Pro_0160","Prostate cancer","313700"
"Pro_0161","Prostate cancer","618192"
"Pro_0162","Prostate cancer","617678"
"Pro_0163","Prostate cancer","617647"
"Pro_0164","Prostate cancer","616273"
"Pro_0165","Prostate cancer","612191"
"Pro_0166","Prostate cancer","610697"
"Pro_0167","Prostate cancer","610603"
"Pro_0168","Prostate cancer","610144"
"Pro_0169","Prostate cancer","609717"
"Pro_0170","Prostate cancer","616043"
"Pro_0171","Prostate cancer","605096"
"Pro_0172","Prostate cancer","605094"
"Pro_0173","Prostate cancer","604845"
"Pro_0174","Prostate cancer","604146"
"Pro_0175","Prostate cancer","603733"
"Pro_0176","Prostate cancer","601385"
"Pro_0177","Prostate cancer","600623"
"Pro_0178","Prostate cancer","611959"
"Pro_0179","Prostate cancer","611958"
"Pro_0180","Prostate cancer","611955"
"Pro_0181","Prostate cancer","611100"
"Pro_0182","Prostate cancer","609558"
"Pro_0183","Prostate cancer","609299"
"Pro_0184","Prostate cancer","608656"
"Pro_0185","Prostate cancer","607592"
"Pro_0186","Prostate cancer","300704"
"Pro_0187","Prostate cancer","614731"
"Pro_0188","Prostate cancer","611928"
"Pro_0189","Prostate cancer","611868"
"Pro_0190","Prostate cancer","176807"
"Pro_0191","Prostate cancer","610997"
"Pro_0192","Prostate cancer","603688"
"Pro_0193","Prostate cancer","601518"
"Pro_0194","Prostate cancer","615568"
"Pro_0195","Prostate cancer","615452"
"Pro_0196","Prostate cancer","610321"
"Pro_0197","Prostate cancer","608658"
"Pro_0198","Prostate cancer","300147"
"Pro_0199","Prostate cancer","602759"
"Sclc_0001","Small cell lung cancer","182280"
"Sclc_0002","Small cell lung cancer","602446"
"Sclc_0003","Small cell lung cancer","602369"
"Sclc_0004","Small cell lung cancer","602267"
"Sclc_0005","Small cell lung cancer","602130"
"Sclc_0006","Small cell lung cancer","601991"
"Sclc_0007","Small cell lung cancer","619997"
"Sclc_0008","Small cell lung cancer","619450"
"Sclc_0009","Small cell lung cancer","619277"
"Sclc_0010","Small cell lung cancer","618518"
"Sclc_0011","Small cell lung cancer","618327"
"Sclc_0012","Small cell lung cancer","617029"
"Sclc_0013","Small cell lung cancer","616862"
"Sclc_0014","Small cell lung cancer","615111"
"Sclc_0015","Small cell lung cancer","614549"
"Sclc_0016","Small cell lung cancer","613531"
"Sclc_0017","Small cell lung cancer","612211"
"Sclc_0018","Small cell lung cancer","611794"
"Sclc_0019","Small cell lung cancer","609626"
"Sclc_0020","Small cell lung cancer","608766"
"Sclc_0021","Small cell lung cancer","608307"
"Sclc_0022","Small cell lung cancer","608241"
"Sclc_0023","Small cell lung cancer","607924"
"Sclc_0024","Small cell lung cancer","180610"
"Sclc_0025","Small cell lung cancer","176830"
"Sclc_0026","Small cell lung cancer","171840"
"Sclc_0027","Small cell lung cancer","168360"
"Sclc_0028","Small cell lung cancer","167050"
"Sclc_0029","Small cell lung cancer","164840"
"Sclc_0030","Small cell lung cancer","616073"
"Sclc_0031","Small cell lung cancer","161560"
"Sclc_0032","Small cell lung cancer","158343"
"Sclc_0033","Small cell lung cancer","154950"
"Sclc_0034","Small cell lung cancer","147780"
"Sclc_0035","Small cell lung cancer","605858"
"Sclc_0036","Small cell lung cancer","605402"
"Sclc_0037","Small cell lung cancer","605374"
"Sclc_0038","Small cell lung cancer","605082"
"Sclc_0039","Small cell lung cancer","604584"
"Sclc_0040","Small cell lung cancer","300159"
"Sclc_0041","Small cell lung cancer","607442"
"Sclc_0042","Small cell lung cancer","606886"
"Sclc_0043","Small cell lung cancer","606884"
"Sclc_0044","Small cell lung cancer","606584"
"Sclc_0045","Small cell lung cancer","602865"
"Sclc_0046","Small cell lung cancer","602725"
"Sclc_0047","Small cell lung cancer","602559"
"Sclc_0048","Small cell lung cancer","601721"
"Sclc_0049","Small cell lung cancer","601712"
"Sclc_0050","Small cell lung cancer","601485"
"Sclc_0051","Small cell lung cancer","600865"
"Sclc_0052","Small cell lung cancer","600690"
"Sclc_0053","Small cell lung cancer","600303"
"Sclc_0054","Small cell lung cancer","600299"
"Sclc_0055","Small cell lung cancer","600021"
"Sclc_0056","Small cell lung cancer","600003"
"Sclc_0057","Small cell lung cancer","137260"
"Sclc_0058","Small cell lung cancer","136950"
"Sclc_0059","Small cell lung cancer","126430"
"Sclc_0060","Small cell lung cancer","194533"
"Sclc_0061","Small cell lung cancer","192340"
"Sclc_0062","Small cell lung cancer","192321"
"Sclc_0063","Small cell lung cancer","191325"
"Sclc_0064","Small cell lung cancer","190160"
"Sclc_0065","Small cell lung cancer","190080"
"Sclc_0066","Small cell lung cancer","190070"
"Sclc_0067","Small cell lung cancer","109135"
"Sclc_0068","Small cell lung cancer","109092"
"Sclc_0069","Small cell lung cancer","100790"
"Sclc_0070","Small cell lung cancer","611649"
"Sclc_0071","Small cell lung cancer","179590"
"Sclc_0072","Small cell lung cancer","176975"
"Sclc_0073","Small cell lung cancer","170260"
"Sclc_0074","Small cell lung cancer","164850"
"Sclc_0075","Small cell lung cancer","605686"
"Sclc_0076","Small cell lung cancer","300702"
"Sclc_0077","Small cell lung cancer","603963"
"Sclc_0078","Small cell lung cancer","602435"
"Sclc_0079","Small cell lung cancer","602430"
"Sclc_0080","Small cell lung cancer","601124"
"Sclc_0081","Small cell lung cancer","123280"
"Sclc_0082","Small cell lung cancer","191130"
"Sclc_0083","Small cell lung cancer","600492"
"Sclc_0084","Small cell lung cancer","182452"
"Sclc_0085","Small cell lung cancer","608892"
"Sclc_0086","Small cell lung cancer","153619"
"Sclc_0087","Small cell lung cancer","131550"
"Sclc_0088","Small cell lung cancer","191170"
"Sclc_0089","Small cell lung cancer","104620"
"Sclc_0090","Small cell lung cancer","601281"
"Sclc_0091","Small cell lung cancer","600725"
"Sclc_0092","Small cell lung cancer","102645"
"Sclc_0093","Small cell lung cancer","105590"
"Sclc_0094","Small cell lung cancer","190198"
"Sclc_0095","Small cell lung cancer","614041"
"Sclc_0096","Small cell lung cancer","211980"
"Thy_0001","Thyroid cancer","188550"
"Thy_0002","Thyroid cancer","175200"
"Thy_0003","Thyroid cancer","175100"
"Thy_0004","Thyroid cancer","174800"
"Thy_0005","Thyroid cancer","168000"
"Thy_0006","Thyroid cancer","147060"
"Thy_0007","Thyroid cancer","619432"
"Thy_0008","Thyroid cancer","618359"
"Thy_0009","Thyroid cancer","617989"
"Thy_0010","Thyroid cancer","617440"
"Thy_0011","Thyroid cancer","616554"
"Thy_0012","Thyroid cancer","610696"
"Thy_0013","Thyroid cancer","162643"
"Thy_0014","Thyroid cancer","605752"
"Thy_0015","Thyroid cancer","604881"
"Thy_0016","Thyroid cancer","607127"
"Thy_0017","Thyroid cancer","606241"
"Thy_0018","Thyroid cancer","604373"
"Thy_0019","Thyroid cancer","604001"
"Thy_0020","Thyroid cancer","602641"
"Thy_0021","Thyroid cancer","601615"
"Thy_0022","Thyroid cancer","600073"
"Thy_0023","Thyroid cancer","138140"
"Thy_0024","Thyroid cancer","134637"
"Thy_0025","Thyroid cancer","133440"
"Thy_0026","Thyroid cancer","191170"
"Thy_0027","Thyroid cancer","188830"
"Thy_0028","Thyroid cancer","185470"
"Thy_0029","Thyroid cancer","600495"
"Thy_0030","Thyroid cancer","100790"
"Thy_0031","Thyroid cancer","605244"
"Thy_0032","Thyroid cancer","610755"
"Thy_0033","Thyroid cancer","144700"
"Thy_0034","Thyroid cancer","277700"
"Thy_0035","Thyroid cancer","275200"
"Thy_0036","Thyroid cancer","135150"
"Thy_0037","Thyroid cancer","118450"
"Thy_0038","Thyroid cancer","617568"
"Thy_0039","Thyroid cancer","614821"
"Thy_0040","Thyroid cancer","612698"
"Thy_0041","Thyroid cancer","611189"
"Thy_0042","Thyroid cancer","610567"
"Thy_0043","Thyroid cancer","609337"
"Thy_0044","Thyroid cancer","176975"
"Thy_0045","Thyroid cancer","164730"
"Thy_0046","Thyroid cancer","300769"
"Thy_0047","Thyroid cancer","300569"
"Thy_0048","Thyroid cancer","300568"
"Thy_0049","Thyroid cancer","300309"
"Thy_0050","Thyroid cancer","606765"
"Thy_0051","Thyroid cancer","602617"
"Thy_0052","Thyroid cancer","600635"
"Thy_0053","Thyroid cancer","192240"
"Thy_0054","Thyroid cancer","114130"
"Thy_0055","Thyroid cancer","607464"
"Thy_0056","Thyroid cancer","138800"
"Thy_0057","Thyroid cancer","614938"
"Thy_0058","Thyroid cancer","602925"
"Thy_0059","Thyroid cancer","602690"
"Thy_0060","Thyroid cancer","131550"
"Thy_0061","Thyroid cancer","188450"
"Thy_0062","Thyroid cancer","155240"
"Thy_0063","Thyroid cancer","613937"
"Thy_0064","Thyroid cancer","165070"
"Thy_0065","Thyroid cancer","604949"
"Thy_0066","Thyroid cancer","606523"
"Thy_0067","Thyroid cancer","162300"
"Thy_0068","Thyroid cancer","164761"
"Thy_0069","Thyroid cancer","604161"
"Thy_0070","Thyroid cancer","601843"
"Thy_0071","Thyroid cancer","601528"
"Thy_0072","Thyroid cancer","600349"
"Thy_0073","Thyroid cancer","171400"
"Thy_0074","Thyroid cancer","274700"
"Thy_0075","Thyroid cancer","611731"
"Thy_0076","Thyroid cancer","603386"
"Thy_0077","Thyroid cancer","158350"
"Thy_0078","Thyroid cancer","616858"
"Thy_0079","Thyroid cancer","610512"
"Thy_0080","Thyroid cancer","601728"
"Thy_0081","Thyroid cancer","171834"
"Thy_0082","Thyroid cancer","603924"
"Thy_0083","Thyroid cancer","164757"
"Thy_0084","Thyroid cancer","607702"
"Thy_0085","Thyroid cancer","616535"
"Thy_0086","Thyroid cancer","616534"
"Thy_0087","Thyroid cancer","188470"
"Thy_0088","Thyroid cancer","606240"
