"GeneID","GeneName","Location","Detailes"
"GE_0001","NULL","14q24.3-q31","https://www.omim.org/entry/601208"
"GE_0002","NULL","6q25-q27","https://www.omim.org/entry/600883"
"GE_0003","NULL","2q31","https://www.omim.org/entry/600321"
"GE_0004","NULL","11q13","https://www.omim.org/entry/600319"
"GE_0005","NULL","15q26","https://www.omim.org/entry/600318"
"GE_0006","NULL","2q24.3","https://www.omim.org/entry/610155"
"GE_0007","NULL","NULL","https://www.omim.org/entry/618887"
"GE_0008","NULL","NULL","https://www.omim.org/entry/618799"
"GE_0009","NULL","5q33.1","https://www.omim.org/entry/608212"
"GE_0010","NULL","NULL","https://www.omim.org/entry/600769"
"GE_00100","NULL","12q24.13","https://www.omim.org/entry/164350"
"GE_0011","NULL","7q36.3","https://www.omim.org/entry/600725"
"GE_0012","NULL","NULL","https://www.omim.org/entry/611992"
"GE_0013","NULL","NULL","https://www.omim.org/entry/611373"
"GE_0014","NULL","NULL","https://www.omim.org/entry/611099"
"GE_0015","NULL","18q12.3","https://www.omim.org/entry/613868"
"GE_0016","NULL","6q22.1","https://www.omim.org/entry/612659"
"GE_0017","NULL","10q22.1","https://www.omim.org/entry/612373"
"GE_0018","NULL","2q31.1","https://www.omim.org/entry/612515"
"GE_0019","NULL","NULL","https://www.omim.org/entry/609667"
"GE_0020","NULL","NULL","https://www.omim.org/entry/608058"
"GE_0021","NULL","9q34.11","https://www.omim.org/entry/605204"
"GE_0022","NULL","12q24.12","https://www.omim.org/entry/605093"
"GE_0023","NULL","10q22.1","https://www.omim.org/entry/604882"
"GE_0024","NULL","NULL","https://www.omim.org/entry/600169"
"GE_0025","NULL","5q11.2-q12.1","https://www.omim.org/entry/600129"
"GE_0026","NULL","12q13.11","https://www.omim.org/entry/601769"
"GE_0027","NULL","Xq26.3","https://www.omim.org/entry/300386"
"GE_0028","NULL","Xq22.1","https://www.omim.org/entry/300300"
"GE_0029","NULL","Xp11.23","https://www.omim.org/entry/300292"
"GE_0030","NULL","NULL","https://www.omim.org/entry/179503"
"GE_0031","NULL","NULL","https://www.omim.org/entry/176290"
"GE_0032","NULL","7q32.1","https://www.omim.org/entry/167413"
"GE_0033","NULL","17q11.2","https://www.omim.org/entry/163730"
"GE_0034","NULL","NULL","https://www.omim.org/entry/152391"
"GE_0035","NULL","1q31.3-q32.1","https://www.omim.org/entry/151460"
"GE_0036","NULL","2q14.1","https://www.omim.org/entry/147679"
"GE_0037","NULL","NULL","https://www.omim.org/entry/142860"
"GE_0038","NULL","6p21.32","https://www.omim.org/entry/142857"
"GE_0039","NULL","6p22.1","https://www.omim.org/entry/142800"
"GE_0040","NULL","13q14.11","https://www.omim.org/entry/136533"
"GE_0041","NULL","1q32.1","https://www.omim.org/entry/124092"
"GE_0042","NULL","6p21.31","https://www.omim.org/entry/147267"
"GE_0043","NULL","8q24","https://www.omim.org/entry/600669"
"GE_0044","NULL","14q31","https://www.omim.org/entry/275000"
"GE_0045","NULL","8q23-q24","https://www.omim.org/entry/140300"
"GE_0046","NULL","6p21.3","https://www.omim.org/entry/137100"
"GE_0047","SPI1","11p11.2","https://www.omim.org/entry/619707"
"GE_0048","KCNJ11","11p15.1","https://www.omim.org/entry/618856"
"GE_0049","ABCA2","9q34.3","https://www.omim.org/entry/618808"
"GE_0050","IRF2BP2","1q42.3","https://www.omim.org/entry/617765"
"GE_0051","CTLA4","2q33.2","https://www.omim.org/entry/616100"
"GE_0052","STAT3","17q21.2","https://www.omim.org/entry/615952"
"GE_0053","SCN10A","3p22.2","https://www.omim.org/entry/615551"
"GE_0054","GNA11","19p13.3","https://www.omim.org/entry/615361"
"GE_0055","PDE4D","5q11.2-q12.1","https://www.omim.org/entry/614613"
"GE_0056","NEUROG3","10q22.1","https://www.omim.org/entry/610370"
"GE_0057","ITCH","20q11.22","https://www.omim.org/entry/613385"
"GE_0058","INS","11p15.5","https://www.omim.org/entry/613370"
"GE_0059","SOD2","6q25.3","https://www.omim.org/entry/612634"
"GE_0060","ACE","17q23.3","https://www.omim.org/entry/612624"
"GE_0061","CTLA4","2q33.2","https://www.omim.org/entry/609755"
"GE_0062","GCK","7p13","https://www.omim.org/entry/606176"
"GE_0063","C2","6p21.33","https://www.omim.org/entry/217000"
"GE_0064","HLA-DQA1","6p21.32","https://www.omim.org/entry/212750"
"GE_0065","FOXP3","Xp11.23","https://www.omim.org/entry/304790"
"GE_0066","HCRT","17q21.2","https://www.omim.org/entry/161400"
"GE_0067","CETP","16q13","https://www.omim.org/entry/143470"
"GE_0068","GPD2","2q24.1","https://www.omim.org/entry/125853"
"GE_0069","SLC14A1","18q12.3","https://www.omim.org/entry/111000"
"GE_0070","NULL","NULL","https://www.omim.org/entry/600636"
"GE_0071","NULL","19p13.2","https://www.omim.org/entry/606945"
"GE_0072","NULL","11p11.2","https://www.omim.org/entry/176930"
"GE_0073","NULL","1p35.2","https://www.omim.org/entry/153390"
"GE_0074","NULL","NULL","https://www.omim.org/entry/147680"
"GE_0075","NULL","NULL","https://www.omim.org/entry/147625"
"GE_0076","NULL","7p15.3","https://www.omim.org/entry/147620"
"GE_0077","NULL","NULL","https://www.omim.org/entry/300574"
"GE_0078","NULL","NULL","https://www.omim.org/entry/147510"
"GE_0079","NULL","6q25.3","https://www.omim.org/entry/147460"
"GE_0080","NULL","NULL","https://www.omim.org/entry/270150"
"GE_0081","INS","11p15.5","https://www.omim.org/entry/618858"
"GE_0082","LRBA","4q31.3","https://www.omim.org/entry/614700"
"GE_0083","PON1","7q21.3","https://www.omim.org/entry/612633"
"GE_0084","IL6","7p15.3","https://www.omim.org/entry/266600"
"GE_0085","NULL","3p21.31","https://www.omim.org/entry/601373"
"GE_0086","NULL","21q22.3","https://www.omim.org/entry/607358"
"GE_0087","NULL","2q24.2","https://www.omim.org/entry/606951"
"GE_0088","NULL","NULL","https://www.omim.org/entry/606935"
"GE_0089","NULL","NULL","https://www.omim.org/entry/605741"
"GE_0090","NULL","6p21.32","https://www.omim.org/entry/604305"
"GE_0091","NULL","NULL","https://www.omim.org/entry/176887"
"GE_0092","NULL","5q33.3","https://www.omim.org/entry/161561"
"GE_0093","NULL","7q22.1","https://www.omim.org/entry/133170"
"GE_0094","NULL","6q25.3","https://www.omim.org/entry/612010"
"GE_0095","NULL","4q27","https://www.omim.org/entry/611598"
"GE_0096","CNOT1","16q21","https://www.omim.org/entry/618500"
"GE_0097","STAT1","2q32.2","https://www.omim.org/entry/614162"
"GE_0098","EPO","7q22.1","https://www.omim.org/entry/612623"
"GE_0099","NULL","11p15.5","https://www.omim.org/entry/605047"
"GE_00999","NULL","NULL","https://www.omim.org/entry/602925"
"GE_0101","NULL","2q35","https://www.omim.org/entry/600266"
"GE_0102","AIRE","21q22.3","https://www.omim.org/entry/240300"
"GE_0103","NULL","NULL","https://www.omim.org/entry/604491"
"GE_0104","NULL","NULL","https://www.omim.org/entry/604479"
"GE_0105","NULL","3p22.2","https://www.omim.org/entry/602170"
"GE_0106","NULL","6p21.32","https://www.omim.org/entry/146880"
"GE_0107","NULL","12q24","https://www.omim.org/entry/612011"
"GE_0108","NULL","NULL","https://www.omim.org/entry/611303"
"GE_0109","NULL","8q24.11","https://www.omim.org/entry/611145"
"GE_0110","NULL","12q13.2","https://www.omim.org/entry/190151"
"GE_0111","NULL","16p11.2","https://www.omim.org/entry/172471"
"GE_0112","PAX4","7q32.1","https://www.omim.org/entry/612227"
"GE_0113","NULL","1p13.2","https://www.omim.org/entry/600716"
"GE_0114","NULL","6p21.33","https://www.omim.org/entry/191160"
"GE_0115","NULL","12q24.31","https://www.omim.org/entry/142410"
"GE_0116","NULL","NULL","https://www.omim.org/entry/138275"
"GE_0117","NULL","2q33.2","https://www.omim.org/entry/123890"
"GE_0118","VEGF","6p21.1","https://www.omim.org/entry/603933"
"GE_0119","NULL","10p15.1","https://www.omim.org/entry/147730"
"GE_0120","NULL","6q25.1","https://www.omim.org/entry/608829"
"GE_0121","NULL","11p15.5","https://www.omim.org/entry/176730"
"GE_0122","NULL","2q34","https://www.omim.org/entry/601318"
"GE_0123","NULL","10q23.31","https://www.omim.org/entry/613006"
"GE_0124","NULL","4q27","https://www.omim.org/entry/612622"
"GE_0125","NULL","6q25","https://www.omim.org/entry/612521"
"GE_0126","NULL","5q31.1-q33.1","https://www.omim.org/entry/605598"
"GE_0127","NULL","10q25","https://www.omim.org/entry/603266"
"GE_0128","NULL","18q21","https://www.omim.org/entry/601941"
"GE_0129","NULL","6q21","https://www.omim.org/entry/601666"
"GE_0130","NULL","Xp11","https://www.omim.org/entry/300136"
"GE_0131","CTLA4","2q33.2","https://www.omim.org/entry/601388"
"GE_0132","SUMO4","6q25.1","https://www.omim.org/entry/600320"
"GE_0133","CCR5","3p21.31","https://www.omim.org/entry/612522"
"GE_0134","HNF1A","12q24.31","https://www.omim.org/entry/612520"
"GE_0135","IL2RA","10p15.1","https://www.omim.org/entry/601942"
"GE_0136","INS","11p15.5","https://www.omim.org/entry/125852"
"GE_0137","NULL","6p21.3","https://www.omim.org/entry/222100"
"GE_0138","NULL","NULL","https://www.omim.org/entry/601698"
"GE_0139","CAPN10","2q37.3","https://www.omim.org/entry/601283"
"GE_0140","GPD2","2q24.1","https://www.omim.org/entry/125853"
"GE_0141","NULL","NULL","https://www.omim.org/entry/118440"
"GE_0142","NULL","6p22.3","https://www.omim.org/entry/615192"
"GE_0143","NULL","3q21","https://www.omim.org/entry/613460"
"GE_0144","NULL","7p15-p13","https://www.omim.org/entry/613219"
"GE_0145","NULL","7p21.2","https://www.omim.org/entry/613462"
"GE_0146","NULL","4p15.3","https://www.omim.org/entry/612226"
"GE_0147","NULL","4q31","https://www.omim.org/entry/612224"
"GE_0148","NULL","7q21","https://www.omim.org/entry/612223"
"GE_0149","NULL","3q23","https://www.omim.org/entry/612221"
"GE_0150","NULL","17q12","https://www.omim.org/entry/611955"
"GE_0151","NULL","9p21","https://www.omim.org/entry/611139"
"GE_0152","NULL","3p26","https://www.omim.org/entry/608982"
"GE_0153","NULL","3q13","https://www.omim.org/entry/608901"
"GE_0154","NULL","3q27","https://www.omim.org/entry/605552"
"GE_0155","NULL","14p11.2-q13","https://www.omim.org/entry/606771"
"GE_0156","NULL","5p15.2-p14","https://www.omim.org/entry/606770"
"GE_0157","NULL","11p","https://www.omim.org/entry/604499"
"GE_0158","CARS1","11p15.4","https://www.omim.org/entry/618891"
"GE_0159","MCM3AP","21q22.3","https://www.omim.org/entry/618124"
"GE_0160","NULL","14q32","https://www.omim.org/entry/616222"
"GE_0161","MKRN3","15q11.2","https://www.omim.org/entry/615346"
"GE_0162","POC1A","3p21.2","https://www.omim.org/entry/614813"
"GE_0163","COL4A1","13q34","https://www.omim.org/entry/614519"
"GE_0164","WFS1","4p16.1","https://www.omim.org/entry/614296"
"GE_0165","PLIN1","15q26.1","https://www.omim.org/entry/613877"
"GE_0166","APOL1","22q12.3","https://www.omim.org/entry/612551"
"GE_0167","CAV1","7q31.2","https://www.omim.org/entry/612526"
"GE_0168","FTO","16q12.2","https://www.omim.org/entry/612460"
"GE_0169","CDKN1B","12p13.1","https://www.omim.org/entry/610755"
"GE_0170","KCNJ11","11p15.1","https://www.omim.org/entry/610582"
"GE_0171","NULL","6q23","https://www.omim.org/entry/180300"
"GE_0172","KISS1R","19p13.3","https://www.omim.org/entry/176400"
"GE_0173","CTSC","11q14.2","https://www.omim.org/entry/170650"
"GE_0174","LRP6","12p13.2","https://www.omim.org/entry/610947"
"GE_0175","PTEN","10q23.31","https://www.omim.org/entry/158350"
"GE_0176","LMNA","1q22","https://www.omim.org/entry/151660"
"GE_0177","LPL","8p21.3","https://www.omim.org/entry/144250"
"GE_0178","NEUROD1","2q31.3","https://www.omim.org/entry/606394"
"GE_0179","PDX1","13q12.2","https://www.omim.org/entry/606392"
"GE_0180","SGCB","4q12","https://www.omim.org/entry/604286"
"GE_0181","TRIM37","17q22","https://www.omim.org/entry/253250"
"GE_0182","ABCB4","7q21.12","https://www.omim.org/entry/600803"
"GE_0183","GK","Xp21.2","https://www.omim.org/entry/307030"
"GE_0184","GCK","7p13","https://www.omim.org/entry/125851"
"GE_0185","HNF4A","20q13.12","https://www.omim.org/entry/125850"
"GE_0186","VPS13B","8q22.2","https://www.omim.org/entry/216550"
"GE_0187","NT5E","6q14.3","https://www.omim.org/entry/211800"
"GE_0188","GABRA2","4p12","https://www.omim.org/entry/103780"
"GE_0189","NULL","20q13.31","https://www.omim.org/entry/614168"
"GE_0190","NULL","2p13.1","https://www.omim.org/entry/613555"
"GE_0191","NULL","NULL","https://www.omim.org/entry/611800"
"GE_0192","NULL","NULL","https://www.omim.org/entry/608152"
"GE_0193","NULL","16p11.2","https://www.omim.org/entry/182381"
"GE_0194","NULL","2p23.3","https://www.omim.org/entry/176830"
"GE_0195","NULL","7q21.11","https://www.omim.org/entry/173510"
"GE_0196","NULL","20q13.12","https://www.omim.org/entry/606145"
"GE_0197","NULL","1q22","https://www.omim.org/entry/150330"
"GE_0198","NULL","NULL","https://www.omim.org/entry/605287"
"GE_0199","NULL","NULL","https://www.omim.org/entry/605261"
"GE_0200","NULL","NULL","https://www.omim.org/entry/604623"
"GE_0201","NULL","NULL","https://www.omim.org/entry/603434"
"GE_0202","NULL","NULL","https://www.omim.org/entry/603322"
"GE_0203","NULL","7q21.3","https://www.omim.org/entry/602447"
"GE_0204","NULL","NULL","https://www.omim.org/entry/602106"
"GE_0205","NULL","11q13.4","https://www.omim.org/entry/602044"
"GE_0206","NULL","3p21.31","https://www.omim.org/entry/601373"
"GE_0207","NULL","NULL","https://www.omim.org/entry/601273"
"GE_0208","NULL","NULL","https://www.omim.org/entry/600524"
"GE_0209","NULL","11p15.1","https://www.omim.org/entry/600509"
"GE_0210","NULL","9q31.1","https://www.omim.org/entry/600046"
"GE_0211","NULL","22q12.3","https://www.omim.org/entry/141250"
"GE_0212","NULL","NULL","https://www.omim.org/entry/138030"
"GE_0213","NULL","NULL","https://www.omim.org/entry/137241"
"GE_0214","NULL","2q33.2","https://www.omim.org/entry/123890"
"GE_0215","NULL","8p11.23","https://www.omim.org/entry/109691"
"GE_0216","NULL","NULL","https://www.omim.org/entry/108355"
"GE_0217","NULL","2p23.2-p23.1","https://www.omim.org/entry/105590"
"GE_0218","NULL","NULL","https://www.omim.org/entry/104210"
"GE_0219","NULL","19p13.2","https://www.omim.org/entry/184700"
"GE_0220","NULL","NULL","https://www.omim.org/entry/100600"
"GE_0221","VPS33B","15q26.1","https://www.omim.org/entry/620009"
"GE_0222","MARS1","12q13.3","https://www.omim.org/entry/619692"
"GE_0223","MC4R","18q21.32","https://www.omim.org/entry/618406"
"GE_0224","DST","6p12.1","https://www.omim.org/entry/614653"
"GE_0225","MOG","6p22.1","https://www.omim.org/entry/614250"
"GE_0226","LIPC","15q21.3","https://www.omim.org/entry/612797"
"GE_0227","EPO","7q22.1","https://www.omim.org/entry/612623"
"GE_0228","CD36","7q21.11","https://www.omim.org/entry/610938"
"GE_0229","IGF1R","15q26.3","https://www.omim.org/entry/270450"
"GE_0230","LMF1","16p13.3","https://www.omim.org/entry/246650"
"GE_0231","INS","11p15.5","https://www.omim.org/entry/125852"
"GE_0232","SLC2A10","20q13.12","https://www.omim.org/entry/208050"
"GE_0233","NULL","NULL","https://www.omim.org/entry/618831"
"GE_0234","NULL","16q12.2","https://www.omim.org/entry/610966"
"GE_0235","NULL","20q13.2","https://www.omim.org/entry/155540"
"GE_0236","NULL","6q25.3-q26","https://www.omim.org/entry/152200"
"GE_0237","NULL","19q13.2","https://www.omim.org/entry/151750"
"GE_0238","NULL","19p13.2","https://www.omim.org/entry/147670"
"GE_0239","NULL","3q27.3","https://www.omim.org/entry/605441"
"GE_0240","NULL","12q24.31","https://www.omim.org/entry/601040"
"GE_0241","NULL","2p23.3","https://www.omim.org/entry/600842"
"GE_0242","NULL","11q13.4","https://www.omim.org/entry/600829"
"GE_0243","NULL","1q32.2","https://www.omim.org/entry/600713"
"GE_0244","NULL","2p23.3","https://www.omim.org/entry/600291"
"GE_0245","NULL","NULL","https://www.omim.org/entry/138275"
"GE_0246","NULL","13q14.11","https://www.omim.org/entry/136533"
"GE_0247","NULL","NULL","https://www.omim.org/entry/134640"
"GE_0248","NULL","NULL","https://www.omim.org/entry/131210"
"GE_0249","NULL","6p21.1","https://www.omim.org/entry/192240"
"GE_0250","NULL","17q12","https://www.omim.org/entry/187011"
"GE_0251","NULL","9q34.2","https://www.omim.org/entry/110300"
"GE_0252","NULL","2q24-q32","https://www.omim.org/entry/612108"
"GE_0253","NULL","9p21","https://www.omim.org/entry/611892"
"GE_0254","NULL","9p21","https://www.omim.org/entry/611891"
"GE_0255","NULL","6q22-q24","https://www.omim.org/entry/606035"
"GE_0256","NULL","6p21.3","https://www.omim.org/entry/222100"
"GE_0257","CPE","4q32.3","https://www.omim.org/entry/619326"
"GE_0258","ADCY3","2p23.3","https://www.omim.org/entry/617885"
"GE_0259","KCNJ11","11p15.1","https://www.omim.org/entry/616329"
"GE_0260","LIPE","19q13.2","https://www.omim.org/entry/615980"
"GE_0261","PCBD1","10q22.1","https://www.omim.org/entry/264070"
"GE_0262","HFE","6p22.2","https://www.omim.org/entry/235200"
"GE_0263","ALMS1","2p13.1","https://www.omim.org/entry/203800"
"GE_0264","HNF1A","12q24.31","https://www.omim.org/entry/600496"
"GE_0265","NULL","NULL","https://www.omim.org/entry/179503"
"GE_0266","NULL","12q23.2","https://www.omim.org/entry/147440"
"GE_0267","NULL","2p13.1","https://www.omim.org/entry/606844"
"GE_0268","NULL","NULL","https://www.omim.org/entry/606283"
"GE_0269","NULL","20q13.12","https://www.omim.org/entry/600281"
"GE_0270","NULL","NULL","https://www.omim.org/entry/138190"
"GE_0271","NULL","NULL","https://www.omim.org/entry/600434"
"GE_0272","SOD2","6q25.3","https://www.omim.org/entry/612634"
"GE_0273","IL1RN","2q14.1","https://www.omim.org/entry/612628"
"GE_0274","AQP7","9p13.3","https://www.omim.org/entry/614411"
"GE_0275","NR0B2","1p36.11","https://www.omim.org/entry/601665"
"GE_0276","NULL","NULL","https://www.omim.org/entry/617471"
"GE_0277","NULL","15q21.3","https://www.omim.org/entry/151670"
"GE_0278","NULL","15q26.3","https://www.omim.org/entry/147370"
"GE_0279","NULL","11p11.2","https://www.omim.org/entry/604641"
"GE_0280","NULL","NULL","https://www.omim.org/entry/601398"
"GE_0281","NULL","13q34","https://www.omim.org/entry/600797"
"GE_0282","NULL","13q12.2","https://www.omim.org/entry/600733"
"GE_0283","NULL","9p21.3","https://www.omim.org/entry/600160"
"GE_0284","NULL","NULL","https://www.omim.org/entry/600431"
"GE_0285","NULL","4q32.3","https://www.omim.org/entry/114855"
"GE_0286","LPA","6q25.3-q26","https://www.omim.org/entry/618807"
"GE_0287","CELA2A","1p36.21","https://www.omim.org/entry/618620"
"GE_0288","PDX1","13q12.2","https://www.omim.org/entry/260370"
"GE_0289","NULL","1q21.3","https://www.omim.org/entry/147880"
"GE_0290","NULL","NULL","https://www.omim.org/entry/147510"
"GE_0291","NULL","NULL","https://www.omim.org/entry/606361"
"GE_0292","NULL","11q13.4","https://www.omim.org/entry/601693"
"GE_0293","NULL","6p12.3","https://www.omim.org/entry/601601"
"GE_0294","NULL","3q26.2","https://www.omim.org/entry/138160"
"GE_0295","NULL","7p13","https://www.omim.org/entry/138079"
"GE_0296","ADIPOQ","3q27.3","https://www.omim.org/entry/612556"
"GE_0297","NULL","10q23.33","https://www.omim.org/entry/180250"
"GE_0298","NULL","NULL","https://www.omim.org/entry/147940"
"GE_0299","NULL","6q25.3","https://www.omim.org/entry/147460"
"GE_0300","NULL","19p13.2","https://www.omim.org/entry/605565"
"GE_0301","NULL","17q12","https://www.omim.org/entry/189907"
"GE_0302","NULL","9p13.3","https://www.omim.org/entry/602974"
"GE_0303","HFE","6p22.2","https://www.omim.org/entry/612635"
"GE_0304","PAX4","7q32.1","https://www.omim.org/entry/612227"
"GE_0305","NULL","11p15.5","https://www.omim.org/entry/176730"
"GE_0306","NULL","6q23.2","https://www.omim.org/entry/173335"
"GE_0307","NULL","2q14.1","https://www.omim.org/entry/147679"
"GE_0308","NULL","1q23.3","https://www.omim.org/entry/605537"
"GE_0309","NULL","4p16.1","https://www.omim.org/entry/606201"
"GE_0310","NULL","NULL","https://www.omim.org/entry/606391"
"GE_0311","NULL","19q13.33","https://www.omim.org/entry/138570"
"GE_0312","NULL","6p21.33","https://www.omim.org/entry/191160"
"GE_0313","GCKR","2p23.3","https://www.omim.org/entry/613463"
"GE_0314","NULL","6p22.2","https://www.omim.org/entry/613609"
"GE_0315","NULL","13q22.2","https://www.omim.org/entry/612465"
"GE_0316","NULL","7p15.3","https://www.omim.org/entry/147620"
"GE_0317","VEGF","6p21.1","https://www.omim.org/entry/603933"
"GE_0318","NULL","11q14.3","https://www.omim.org/entry/600804"
"GE_0319","NULL","NULL","https://www.omim.org/entry/615765"
"GE_0320","NULL","NULL","https://www.omim.org/entry/611259"
"GE_0321","NULL","7q32.1","https://www.omim.org/entry/167413"
"GE_0322","NULL","11p15.1","https://www.omim.org/entry/600937"
"GE_0323","NULL","11q21-q22","https://www.omim.org/entry/613233"
"GE_0324","NULL","6p21.31","https://www.omim.org/entry/600701"
"GE_0325","NULL","3q27.2","https://www.omim.org/entry/608289"
"GE_0326","NULL","12q24.31","https://www.omim.org/entry/142410"
"GE_0327","NULL","8q24.11","https://www.omim.org/entry/611145"
"GE_0328","NULL","2q37.3","https://www.omim.org/entry/605286"
"GE_0329","NULL","3p25.2","https://www.omim.org/entry/601487"
"GE_0330","NULL","10q25.2-q25.3","https://www.omim.org/entry/602228"
"GE_0331","NULL","5q34-q35.2","https://www.omim.org/entry/608036"
"GE_0332","NULL","20q12-q13.1","https://www.omim.org/entry/603694"
"GE_0333","NULL","12q24.2","https://www.omim.org/entry/601407"
"GE_0334","DYRK1B","19q13.2","https://www.omim.org/entry/615812"
"GE_0335","TBC1D4","13q22.2","https://www.omim.org/entry/616087"
"GE_0336","INPP5E","9q34.3","https://www.omim.org/entry/610156"
"GE_0337","NULL","5q15","https://www.omim.org/entry/162150"
"GE_0338","NULL","20q13.2","https://www.omim.org/entry/155540"
"GE_0339","NULL","9p13.3","https://www.omim.org/entry/602974"
"GE_0340","UBE3A","15q11.2","https://www.omim.org/entry/105830"
"GE_0341","NULL","3q27.3","https://www.omim.org/entry/605441"
"GE_0342","FGFR3","4p16.3","https://www.omim.org/entry/100800"
"GE_0343","NULL","9q34.3","https://www.omim.org/entry/613037"
"GE_0344","NULL","11q24.1","https://www.omim.org/entry/611693"
"GE_0345","NULL","NULL","https://www.omim.org/entry/609850"
"GE_0346","NULL","8p21.3","https://www.omim.org/entry/609708"
"GE_0347","NULL","NULL","https://www.omim.org/entry/608981"
"GE_0348","NULL","NULL","https://www.omim.org/entry/608937"
"GE_0349","NULL","1p36.22","https://www.omim.org/entry/608507"
"GE_0350","NULL","NULL","https://www.omim.org/entry/608440"
"GE_0351","NULL","8q22.2","https://www.omim.org/entry/607817"
"GE_0352","NULL","7q21.11","https://www.omim.org/entry/173510"
"GE_0353","NULL","17q11.2","https://www.omim.org/entry/163730"
"GE_0354","NULL","NULL","https://www.omim.org/entry/162650"
"GE_0355","NULL","19q13.2","https://www.omim.org/entry/151750"
"GE_0356","NULL","2q37.3","https://www.omim.org/entry/605286"
"GE_0357","NULL","8q24.3","https://www.omim.org/entry/604900"
"GE_0358","NULL","Xq24","https://www.omim.org/entry/300304"
"GE_0359","NULL","NULL","https://www.omim.org/entry/606803"
"GE_0360","NULL","16q13","https://www.omim.org/entry/606151"
"GE_0361","NULL","5q31.1","https://www.omim.org/entry/604417"
"GE_0362","NULL","NULL","https://www.omim.org/entry/604158"
"GE_0363","NULL","NULL","https://www.omim.org/entry/604033"
"GE_0364","NULL","NULL","https://www.omim.org/entry/516020"
"GE_0365","NULL","NULL","https://www.omim.org/entry/140550"
"GE_0366","NULL","NULL","https://www.omim.org/entry/138275"
"GE_0367","NULL","NULL","https://www.omim.org/entry/138190"
"GE_0368","NULL","5q31.3","https://www.omim.org/entry/138040"
"GE_0369","NULL","19q13.32","https://www.omim.org/entry/107741"
"GE_0370","NULL","2p24.1","https://www.omim.org/entry/107730"
"GE_0371","NULL","Xp11.3-q22","https://www.omim.org/entry/300218"
"GE_0372","NULL","NULL","https://www.omim.org/entry/107650"
"GE_0373","GHRHR","7p14.3","https://www.omim.org/entry/618157"
"GE_0374","LZTFL1","3p21.31","https://www.omim.org/entry/615994"
"GE_0375","SDCCAG8","1q43-q44","https://www.omim.org/entry/615993"
"GE_0376","BBS7","4q27","https://www.omim.org/entry/615984"
"GE_0377","BBS2","16q13","https://www.omim.org/entry/615981"
"GE_0378","TRAPPC9","8q24.3","https://www.omim.org/entry/613192"
"GE_0379","NULL","1p36","https://www.omim.org/entry/607872"
"GE_0380","TBX3","12q24.21","https://www.omim.org/entry/181450"
"GE_0381","NULL","Xq27.3-q28","https://www.omim.org/entry/300869"
"GE_0382","ABCB4","7q21.12","https://www.omim.org/entry/600803"
"GE_0383","ATRX","Xq21.1","https://www.omim.org/entry/309580"
"GE_0384","CYP21A2","6p21.33","https://www.omim.org/entry/201910"
"GE_0385","RAB23","6p12.1-p11.2","https://www.omim.org/entry/201000"
"GE_0386","NULL","2q37","https://www.omim.org/entry/600430"
"GE_0387","NULL","NULL","https://www.omim.org/entry/611796"
"GE_0388","NULL","1p36.21","https://www.omim.org/entry/609443"
"GE_0389","NULL","NULL","https://www.omim.org/entry/609336"
"GE_0390","NULL","NULL","https://www.omim.org/entry/608886"
"GE_0391","NULL","1p13.1","https://www.omim.org/entry/162361"
"GE_0392","NULL","NULL","https://www.omim.org/entry/607449"
"GE_0393","NULL","1q44","https://www.omim.org/entry/606416"
"GE_0394","NULL","9q34.3","https://www.omim.org/entry/604346"
"GE_0395","NULL","11q13.2","https://www.omim.org/entry/603506"
"GE_0396","NULL","8p11.21","https://www.omim.org/entry/603258"
"GE_0397","NULL","NULL","https://www.omim.org/entry/603130"
"GE_0398","NULL","NULL","https://www.omim.org/entry/601751"
"GE_0399","NULL","NULL","https://www.omim.org/entry/601546"
"GE_0400","NULL","NULL","https://www.omim.org/entry/600953"
"GE_0401","NULL","NULL","https://www.omim.org/entry/600933"
"GE_0402","NULL","12q14.3","https://www.omim.org/entry/600698"
"GE_0403","NULL","NULL","https://www.omim.org/entry/133435"
"GE_0404","NULL","NULL","https://www.omim.org/entry/604517"
"GE_0405","NULL","NULL","https://www.omim.org/entry/118444"
"GE_0406","IFT172","2p23.3","https://www.omim.org/entry/619471"
"GE_0407","RNPC3","1p21.1","https://www.omim.org/entry/618160"
"GE_0408","IFT27","22q12.3","https://www.omim.org/entry/615996"
"GE_0409","RAI1","17p11.2","https://www.omim.org/entry/182290"
"GE_0410","CUL4B","Xq24","https://www.omim.org/entry/300354"
"GE_0411","PHF6","Xq26.2","https://www.omim.org/entry/301900"
"GE_0412","GNAS","20q13.32","https://www.omim.org/entry/103580"
"GE_0413","NULL","NULL","https://www.omim.org/entry/617471"
"GE_0414","NULL","1q43-q44","https://www.omim.org/entry/613524"
"GE_0415","NULL","17p11.2","https://www.omim.org/entry/607642"
"GE_0416","NULL","15q26.1","https://www.omim.org/entry/170290"
"GE_0417","NULL","1q22","https://www.omim.org/entry/150330"
"GE_0418","NULL","11p15.5","https://www.omim.org/entry/147470"
"GE_0419","NULL","7q31.2","https://www.omim.org/entry/601047"
"GE_0420","NULL","NULL","https://www.omim.org/entry/600945"
"GE_0421","NULL","20q13.32","https://www.omim.org/entry/139320"
"GE_0422","NULL","6q25.1-q25.2","https://www.omim.org/entry/133430"
"GE_0423","NULL","22q12.1","https://www.omim.org/entry/194355"
"GE_0424","NULL","NULL","https://www.omim.org/entry/103200"
"GE_0425","MAN1B1","9q34.3","https://www.omim.org/entry/614202"
"GE_0426","NULL","10q23.33","https://www.omim.org/entry/609044"
"GE_0427","NULL","1q32.2","https://www.omim.org/entry/600713"
"GE_0428","NULL","15q24.1","https://www.omim.org/entry/600374"
"GE_0429","NULL","NULL","https://www.omim.org/entry/137241"
"GE_0430","NULL","NULL","https://www.omim.org/entry/113505"
"GE_0431","NULL","NULL","https://www.omim.org/entry/102720"
"GE_0432","IFT74","9p21.2","https://www.omim.org/entry/617119"
"GE_0433","NULL","NULL","https://www.omim.org/entry/615835"
"GE_0434","NULL","NULL","https://www.omim.org/entry/162640"
"GE_0435","NULL","NULL","https://www.omim.org/entry/600409"
"GE_0436","NULL","19q13.2","https://www.omim.org/entry/190180"
"GE_0437","NULL","4q32.3","https://www.omim.org/entry/114855"
"GE_0438","NULL","19p13.2","https://www.omim.org/entry/184700"
"GE_0439","NHLH2","1p13.1","https://www.omim.org/entry/619755"
"GE_0440","CPE","4q32.3","https://www.omim.org/entry/619326"
"GE_0441","TRIP12","2q36.3","https://www.omim.org/entry/617752"
"GE_0442","NULL","3q29","https://www.omim.org/entry/615586"
"GE_0443","NULL","2p25.3","https://www.omim.org/entry/613084"
"GE_0444","NULL","1p36.11","https://www.omim.org/entry/604630"
"GE_0445","NULL","NULL","https://www.omim.org/entry/601158"
"GE_0446","NULL","NULL","https://www.omim.org/entry/600781"
"GE_0447","ARL6","3q11.2","https://www.omim.org/entry/600151"
"GE_0448","NULL","19p13.2","https://www.omim.org/entry/147670"
"GE_0449","NULL","2p13.1","https://www.omim.org/entry/606844"
"GE_0450","NULL","16p11.2","https://www.omim.org/entry/611913"
"GE_0451","NULL","20q13.13","https://www.omim.org/entry/176885"
"GE_0452","NULL","19p13.2","https://www.omim.org/entry/605565"
"GE_0453","NULL","NULL","https://www.omim.org/entry/603128"
"GE_0454","NULL","16q22.1","https://www.omim.org/entry/602311"
"GE_0455","NULL","11p15.4","https://www.omim.org/entry/601197"
"GE_0456","NULL","13q34","https://www.omim.org/entry/600797"
"GE_0457","BBS4","15q24.1","https://www.omim.org/entry/615982"
"GE_0458","MKKS","20p12.2","https://www.omim.org/entry/605231"
"GE_0459","NULL","2p25.1","https://www.omim.org/entry/615759"
"GE_0460","NULL","6q14.2","https://www.omim.org/entry/615410"
"GE_0461","NULL","9q21.33","https://www.omim.org/entry/600456"
"GE_0462","NULL","11p15.5","https://www.omim.org/entry/176730"
"GE_0463","NULL","20p12.2","https://www.omim.org/entry/604896"
"GE_0464","NULL","6p21.33","https://www.omim.org/entry/191160"
"GE_0465","NULL","1p35.2","https://www.omim.org/entry/186357"
"GE_0466","NULL","NULL","https://www.omim.org/entry/118945"
"GE_0467","GPD2","2q24.1","https://www.omim.org/entry/125853"
"GE_0468","NULL","2p23.3","https://www.omim.org/entry/600291"
"GE_0469","NULL","2q14.1","https://www.omim.org/entry/612459"
"GE_0470","NULL","3p25.3","https://www.omim.org/entry/605353"
"GE_0471","NULL","20q11.22","https://www.omim.org/entry/600201"
"GE_0472","NULL","NULL","https://www.omim.org/entry/113730"
"GE_0473","ALMS1","2p13.1","https://www.omim.org/entry/203800"
"GE_0474","NULL","5q13.2","https://www.omim.org/entry/602606"
"GE_0475","NULL","11q13.4","https://www.omim.org/entry/602044"
"GE_0476","NULL","6q23.2","https://www.omim.org/entry/173335"
"GE_0477","CCDC28B","1p35.2","https://www.omim.org/entry/209900"
"GE_0478","NULL","11q13.4","https://www.omim.org/entry/601693"
"GE_0479","NULL","7q32.3","https://www.omim.org/entry/606641"
"GE_0480","NULL","8p11.23","https://www.omim.org/entry/109691"
"GE_0481","NULL","3p25.2","https://www.omim.org/entry/601487"
"GE_0482","NULL","15q11-q13","https://www.omim.org/entry/176270"
"GE_0483","NULL","1p31.3","https://www.omim.org/entry/601007"
"GE_0484","NULL","2p23.3","https://www.omim.org/entry/176830"
"GE_0485","NULL","7q32.1","https://www.omim.org/entry/164160"
"GE_0486","NULL","18q21.32","https://www.omim.org/entry/155541"
"GE_0487","NULL","NULL","https://www.omim.org/entry/617549"
"GE_0488","NULL","16q12.2","https://www.omim.org/entry/610966"
"GE_0489","NULL","4p15-p14","https://www.omim.org/entry/608410"
"GE_0490","NULL","17p12","https://www.omim.org/entry/605572"
"GE_0491","NULL","Xq24","https://www.omim.org/entry/300306"
"GE_0492","NULL","10p","https://www.omim.org/entry/603188"
"GE_0493","NULL","NULL","https://www.omim.org/entry/601794"
"GE_0494","NULL","20q11","https://www.omim.org/entry/620195"
"GE_0495","CELA2A","1p36.21","https://www.omim.org/entry/618620"
"GE_0496","PHIP","6q14.1","https://www.omim.org/entry/617991"
"GE_0497","ADCY3","2p23.3","https://www.omim.org/entry/617885"
"GE_0498","KIDINS220","2p25.1","https://www.omim.org/entry/617296"
"GE_0499","MYT1L","2p25.3","https://www.omim.org/entry/616521"
"GE_0500","AFF4","5q31.1","https://www.omim.org/entry/616368"
"GE_0501","TUB","11p15.4","https://www.omim.org/entry/616188"
"GE_0502","CEP19","3q29","https://www.omim.org/entry/615703"
"GE_0503","MRAP2","6q14.2","https://www.omim.org/entry/615457"
"GE_0504","LEPR","1p31.3","https://www.omim.org/entry/614963"
"GE_0505","LEP","7q32.1","https://www.omim.org/entry/614962"
"GE_0506","NTRK2","9q21.33","https://www.omim.org/entry/613886"
"GE_0507","NULL","16p11.2","https://www.omim.org/entry/613444"
"GE_0508","FTO","16q12.2","https://www.omim.org/entry/612460"
"GE_0509","PCSK1","5q15","https://www.omim.org/entry/612362"
"GE_0510","POMC","2p23.3","https://www.omim.org/entry/609734"
"GE_0511","EIF2S3","Xp22.11","https://www.omim.org/entry/300148"
"GE_0512","FFAR4","10q23.33","https://www.omim.org/entry/607514"
"GE_0513","UCP2","11q13.4","https://www.omim.org/entry/607447"
"GE_0514","MC3R","20q13.2","https://www.omim.org/entry/602025"
"GE_0515","PCSK1","5q15","https://www.omim.org/entry/600955"
"GE_0516","LAS1L","Xq12","https://www.omim.org/entry/309585"
"GE_0517","VPS13B","8q22.2","https://www.omim.org/entry/216550"
"GE_0518","NR0B2","1p36.11","https://www.omim.org/entry/601665"
"GE_0519","NULL","3q27","https://www.omim.org/entry/605552"
"GE_0520","NULL","NULL","https://www.omim.org/entry/606772"
"GE_0521","MC4R","18q21.32","https://www.omim.org/entry/618406"
"GE_0522","DYRK1B","19q13.2","https://www.omim.org/entry/615812"
"GE_0523","NULL","11p13-p12","https://www.omim.org/entry/612469"
"GE_0524","PAH","12q23.2","https://www.omim.org/entry/261600"
"GE_0525","NULL","11q23.1","https://www.omim.org/entry/612719"
"GE_0526","NULL","Xq22.2","https://www.omim.org/entry/300401"
"GE_0527","NULL","3q13.33","https://www.omim.org/entry/607474"
"GE_0528","NULL","9q21.11","https://www.omim.org/entry/606829"
"GE_0529","NULL","14q24.3","https://www.omim.org/entry/603758"
"GE_0530","NULL","13q13.2-q14.1","https://www.omim.org/entry/608049"
"GE_0531","NULL","3q25-q27","https://www.omim.org/entry/607373"
"GE_0532","NULL","18q21.3","https://www.omim.org/entry/212200"
"GE_0533","ABAT","16p13.2","https://www.omim.org/entry/613163"
"GE_0534","SPR","2p13.2","https://www.omim.org/entry/612716"
"GE_0535","NULL","15q11","https://www.omim.org/entry/608636"
"GE_0536","PLCD1","3p22.2","https://www.omim.org/entry/151600"
"GE_0537","MECP2","Xq28","https://www.omim.org/entry/300496"
"GE_0538","NLGN4","Xp22.32-p22.31","https://www.omim.org/entry/300495"
"GE_0539","NLGN3","Xq13.1","https://www.omim.org/entry/300425"
"GE_0540","TAT","16q22.2","https://www.omim.org/entry/276600"
"GE_0541","NPHS1","19q13.12","https://www.omim.org/entry/256300"
"GE_0542","CBS","21q22.3","https://www.omim.org/entry/236200"
"GE_0543","SLC6A19","5p15.33","https://www.omim.org/entry/234500"
"GE_0544","GCH1","14q22.2","https://www.omim.org/entry/233910"
"GE_0545","ADAMTSL4","1q21.2","https://www.omim.org/entry/225100"
"GE_0546","PHGDH","1p12","https://www.omim.org/entry/601815"
"GE_0547","AGA","4q34.3","https://www.omim.org/entry/208400"
"GE_0548","NULL","NULL","https://www.omim.org/entry/612210"
"GE_0549","NULL","2p13.2","https://www.omim.org/entry/182125"
"GE_0550","NULL","12q24.31","https://www.omim.org/entry/142410"
"GE_0551","NULL","NULL","https://www.omim.org/entry/250900"
"GE_0552","PRSS12","4q26","https://www.omim.org/entry/249500"
"GE_0553","UGT1A1","2q37.1","https://www.omim.org/entry/237900"
"GE_0554","NULL","7q22","https://www.omim.org/entry/209850"
"GE_0555","QDPR","4p15.32","https://www.omim.org/entry/261630"
"GE_0556","PTS","11q23.1","https://www.omim.org/entry/261640"
"GE_0557","NULL","12q23.2","https://www.omim.org/entry/612349"
"GE_0558","NULL","NULL","https://www.omim.org/entry/605097"
"GE_0559","NULL","17q21.33","https://www.omim.org/entry/602650"
"GE_0560","NULL","NULL","https://www.omim.org/entry/602060"
"GE_0561","NULL","16q22.1","https://www.omim.org/entry/192090"
"GE_0562","NULL","NULL","https://www.omim.org/entry/609205"
"GE_0563","NULL","NULL","https://www.omim.org/entry/154790"
"GE_0564","NULL","NULL","https://www.omim.org/entry/607189"
"GE_0565","NULL","NULL","https://www.omim.org/entry/606878"
"GE_0566","NULL","NULL","https://www.omim.org/entry/603406"
"GE_0567","NULL","4q22.3","https://www.omim.org/entry/603248"
"GE_0568","NULL","NULL","https://www.omim.org/entry/603162"
"GE_0569","NULL","NULL","https://www.omim.org/entry/602822"
"GE_0570","NULL","NULL","https://www.omim.org/entry/602728"
"GE_0571","NULL","NULL","https://www.omim.org/entry/602692"
"GE_0572","NULL","NULL","https://www.omim.org/entry/602619"
"GE_0573","NULL","NULL","https://www.omim.org/entry/601984"
"GE_0574","NULL","NULL","https://www.omim.org/entry/601364"
"GE_0575","NULL","NULL","https://www.omim.org/entry/601241"
"GE_0576","NULL","NULL","https://www.omim.org/entry/600934"
"GE_0577","NULL","7q36.3","https://www.omim.org/entry/600725"
"GE_0578","NULL","9p21.3","https://www.omim.org/entry/600160"
"GE_0579","NULL","10q22.3","https://www.omim.org/entry/600150"
"GE_0580","NULL","NULL","https://www.omim.org/entry/480100"
"GE_0581","NULL","NULL","https://www.omim.org/entry/128990"
"GE_0582","NULL","6p22.3","https://www.omim.org/entry/125264"
"GE_0583","NULL","12p12.1","https://www.omim.org/entry/190070"
"GE_0584","NULL","2p11.2","https://www.omim.org/entry/186910"
"GE_0585","NULL","NULL","https://www.omim.org/entry/300994"
"GE_0586","NULL","10q24.32","https://www.omim.org/entry/600483"
"GE_0587","NULL","14q23.2-q23.3","https://www.omim.org/entry/601663"
"GE_0588","NULL","3p22.2","https://www.omim.org/entry/120436"
"GE_0589","NULL","17p13","https://www.omim.org/entry/613498"
"GE_0590","NULL","NULL","https://www.omim.org/entry/600082"
"GE_0591","NULL","15q15.3-q22.1","https://www.omim.org/entry/601228"
"GE_0592","GPD2","2q24.1","https://www.omim.org/entry/125853"
"GE_0593","NULL","NULL","https://www.omim.org/entry/619116"
"GE_0594","NULL","NULL","https://www.omim.org/entry/617688"
"GE_0595","NULL","NULL","https://www.omim.org/entry/616250"
"GE_0596","NULL","NULL","https://www.omim.org/entry/614510"
"GE_0597","NULL","NULL","https://www.omim.org/entry/614509"
"GE_0598","NULL","NULL","https://www.omim.org/entry/613186"
"GE_0599","NULL","19q13.2","https://www.omim.org/entry/611888"
"GE_0600","NULL","4q12","https://www.omim.org/entry/611715"
"GE_0601","NULL","NULL","https://www.omim.org/entry/611314"
"GE_0602","NULL","8q24.13","https://www.omim.org/entry/610657"
"GE_0603","NULL","NULL","https://www.omim.org/entry/609492"
"GE_0604","NULL","NULL","https://www.omim.org/entry/608749"
"GE_0605","NULL","NULL","https://www.omim.org/entry/608385"
"GE_0606","NULL","NULL","https://www.omim.org/entry/608067"
"GE_0607","NULL","NULL","https://www.omim.org/entry/180980"
"GE_0608","NULL","17q12","https://www.omim.org/entry/164870"
"GE_0609","NULL","NULL","https://www.omim.org/entry/610989"
"GE_0610","NULL","NULL","https://www.omim.org/entry/300669"
"GE_0611","NULL","NULL","https://www.omim.org/entry/300287"
"GE_0612","NULL","Xq13.1","https://www.omim.org/entry/300188"
"GE_0613","NULL","NULL","https://www.omim.org/entry/606877"
"GE_0614","NULL","7q34","https://www.omim.org/entry/606680"
"GE_0615","NULL","NULL","https://www.omim.org/entry/606246"
"GE_0616","NULL","7p22.3","https://www.omim.org/entry/602686"
"GE_0617","NULL","NULL","https://www.omim.org/entry/602341"
"GE_0618","NULL","NULL","https://www.omim.org/entry/601936"
"GE_0619","NULL","NULL","https://www.omim.org/entry/601600"
"GE_0620","NULL","1p36.22","https://www.omim.org/entry/601231"
"GE_0621","NULL","NULL","https://www.omim.org/entry/600711"
"GE_0622","NULL","7p14.3","https://www.omim.org/entry/139191"
"GE_0623","NULL","17p13.1","https://www.omim.org/entry/191170"
"GE_0624","NULL","8q24.21","https://www.omim.org/entry/190080"
"GE_0625","NULL","17q12","https://www.omim.org/entry/189907"
"GE_0626","MLH1","3p22.2","https://www.omim.org/entry/609310"
"GE_0627","RAD54L","1p34.1","https://www.omim.org/entry/114480"
"GE_0628","NULL","NULL","https://www.omim.org/entry/620064"
"GE_0629","NULL","NULL","https://www.omim.org/entry/618053"
"GE_0630","NULL","NULL","https://www.omim.org/entry/617552"
"GE_0631","NULL","NULL","https://www.omim.org/entry/617314"
"GE_0632","NULL","NULL","https://www.omim.org/entry/613786"
"GE_0633","NULL","NULL","https://www.omim.org/entry/613505"
"GE_0634","NULL","12q24.31","https://www.omim.org/entry/613481"
"GE_0635","NULL","NULL","https://www.omim.org/entry/613184"
"GE_0636","NULL","NULL","https://www.omim.org/entry/613131"
"GE_0637","NULL","NULL","https://www.omim.org/entry/610601"
"GE_0638","NULL","7q34","https://www.omim.org/entry/610345"
"GE_0639","NULL","NULL","https://www.omim.org/entry/610323"
"GE_0640","NULL","17q24.3","https://www.omim.org/entry/608160"
"GE_0641","NULL","NULL","https://www.omim.org/entry/614489"
"GE_0642","NULL","NULL","https://www.omim.org/entry/607549"
"GE_0643","NULL","NULL","https://www.omim.org/entry/601053"
"GE_0644","NULL","10q24.31","https://www.omim.org/entry/600664"
"GE_0645","NULL","NULL","https://www.omim.org/entry/301011"
"GE_0646","AR","Xq12","https://www.omim.org/entry/300068"
"GE_0647","NULL","NULL","https://www.omim.org/entry/618191"
"GE_0648","NULL","NULL","https://www.omim.org/entry/617269"
"GE_0649","NULL","NULL","https://www.omim.org/entry/615531"
"GE_0650","NULL","NULL","https://www.omim.org/entry/612236"
"GE_0651","NULL","NULL","https://www.omim.org/entry/611734"
"GE_0652","NULL","NULL","https://www.omim.org/entry/611098"
"GE_0653","NULL","NULL","https://www.omim.org/entry/607635"
"GE_0654","NULL","NULL","https://www.omim.org/entry/610962"
"GE_0655","NULL","7q32.1","https://www.omim.org/entry/164160"
"GE_0656","NULL","10q11.22","https://www.omim.org/entry/605120"
"GE_0657","NULL","NULL","https://www.omim.org/entry/607281"
"GE_0658","NULL","NULL","https://www.omim.org/entry/607138"
"GE_0659","NULL","19q13.41","https://www.omim.org/entry/603767"
"GE_0660","NULL","NULL","https://www.omim.org/entry/602681"
"GE_0661","NULL","NULL","https://www.omim.org/entry/601767"
"GE_0662","NULL","NULL","https://www.omim.org/entry/601329"
"GE_0663","NULL","NULL","https://www.omim.org/entry/600033"
"GE_0664","NULL","NULL","https://www.omim.org/entry/400022"
"GE_0665","NULL","NULL","https://www.omim.org/entry/186360"
"GE_0666","NULL","16q22.2-q22.3","https://www.omim.org/entry/104155"
"GE_0667","BRCA2","13q13.1","https://www.omim.org/entry/612555"
"GE_0668","BRCA1","17q21.31","https://www.omim.org/entry/604370"
"GE_0669","NULL","NULL","https://www.omim.org/entry/617122"
"GE_0670","NULL","NULL","https://www.omim.org/entry/611268"
"GE_0671","NULL","2p15","https://www.omim.org/entry/609922"
"GE_0672","NULL","NULL","https://www.omim.org/entry/173870"
"GE_0673","NULL","NULL","https://www.omim.org/entry/614451"
"GE_0674","NULL","NULL","https://www.omim.org/entry/606861"
"GE_0675","NULL","NULL","https://www.omim.org/entry/606591"
"GE_0676","NULL","8p21.3","https://www.omim.org/entry/606551"
"GE_0677","NULL","NULL","https://www.omim.org/entry/604415"
"GE_0678","NULL","NULL","https://www.omim.org/entry/602470"
"GE_0679","NULL","NULL","https://www.omim.org/entry/602465"
"GE_0680","NULL","NULL","https://www.omim.org/entry/602260"
"GE_0681","NULL","7q31.2","https://www.omim.org/entry/601047"
"GE_0682","NULL","NULL","https://www.omim.org/entry/142440"
"GE_0683","NULL","8q24","https://www.omim.org/entry/611469"
"GE_0684","NULL","6q22.1","https://www.omim.org/entry/612659"
"GE_0685","NULL","NULL","https://www.omim.org/entry/611267"
"GE_0686","NULL","NULL","https://www.omim.org/entry/164960"
"GE_0687","NULL","NULL","https://www.omim.org/entry/147380"
"GE_0688","NULL","6p21.1","https://www.omim.org/entry/606628"
"GE_0689","NULL","18q21.2","https://www.omim.org/entry/600993"
"GE_0690","NULL","12p13.1","https://www.omim.org/entry/600778"
"GE_0691","NULL","20q11.23","https://www.omim.org/entry/139190"
"GE_0692","NULL","19p13.3","https://www.omim.org/entry/605878"
"GE_0693","NULL","NULL","https://www.omim.org/entry/605443"
"GE_0694","NULL","NULL","https://www.omim.org/entry/602041"
"GE_0695","MSH2","2p21-p16.3","https://www.omim.org/entry/120435"
"GE_0696","NULL","12q23.2","https://www.omim.org/entry/147440"
"GE_0697","NULL","NULL","https://www.omim.org/entry/613117"
"GE_0698","NULL","3p25.2","https://www.omim.org/entry/601487"
"GE_0699","NULL","NULL","https://www.omim.org/entry/602294"
"GE_0700","NULL","10p15.2","https://www.omim.org/entry/602053"
"GE_0701","NULL","NULL","https://www.omim.org/entry/600541"
"GE_0702","NULL","10q25.2","https://www.omim.org/entry/600020"
"GE_0703","NULL","NULL","https://www.omim.org/entry/165080"
"GE_0704","NULL","1q25.3","https://www.omim.org/entry/180435"
"GE_0705","NULL","2p23.1","https://www.omim.org/entry/607306"
"GE_0706","NULL","7q36.1","https://www.omim.org/entry/601573"
"GE_0707","NULL","7q22.1","https://www.omim.org/entry/124010"
"GE_0708","NULL","1p36.12","https://www.omim.org/entry/600997"
"GE_0709","NULL","13q13.1","https://www.omim.org/entry/600185"
"GE_0710","NULL","17q21.31","https://www.omim.org/entry/113705"
"GE_0711","NULL","10q11.22","https://www.omim.org/entry/157145"
"GE_0712","NULL","17q21.32","https://www.omim.org/entry/604607"
"GE_0713","NULL","8p22","https://www.omim.org/entry/153622"
"GE_0714","NULL","10q23.31","https://www.omim.org/entry/601728"
"GE_0715","NULL","22q12.1","https://www.omim.org/entry/604373"
"GE_0716","NULL","17p12","https://www.omim.org/entry/605367"
"GE_0717","NULL","Xq12","https://www.omim.org/entry/313700"
"GE_0718","NULL","NULL","https://www.omim.org/entry/618192"
"GE_0719","NULL","NULL","https://www.omim.org/entry/617678"
"GE_0720","NULL","NULL","https://www.omim.org/entry/617647"
"GE_0721","NULL","NULL","https://www.omim.org/entry/616273"
"GE_0722","NULL","NULL","https://www.omim.org/entry/612191"
"GE_0723","NULL","NULL","https://www.omim.org/entry/610697"
"GE_0724","NULL","NULL","https://www.omim.org/entry/610603"
"GE_0725","NULL","NULL","https://www.omim.org/entry/610144"
"GE_0726","NULL","NULL","https://www.omim.org/entry/609717"
"GE_0727","NULL","NULL","https://www.omim.org/entry/616043"
"GE_0728","NULL","NULL","https://www.omim.org/entry/605096"
"GE_0729","NULL","NULL","https://www.omim.org/entry/605094"
"GE_0730","NULL","NULL","https://www.omim.org/entry/604845"
"GE_0731","NULL","NULL","https://www.omim.org/entry/604146"
"GE_0732","NULL","NULL","https://www.omim.org/entry/603733"
"GE_0733","NULL","8p22","https://www.omim.org/entry/601385"
"GE_0734","NULL","NULL","https://www.omim.org/entry/600623"
"GE_0735","NULL","19q13.4","https://www.omim.org/entry/611959"
"GE_0736","NULL","11q13","https://www.omim.org/entry/611958"
"GE_0737","NULL","17q12","https://www.omim.org/entry/611955"
"GE_0738","NULL","8q24","https://www.omim.org/entry/611100"
"GE_0739","NULL","22q12.3","https://www.omim.org/entry/609558"
"GE_0740","NULL","3p26","https://www.omim.org/entry/609299"
"GE_0741","NULL","20q13","https://www.omim.org/entry/608656"
"GE_0742","NULL","19q","https://www.omim.org/entry/607592"
"GE_0743","NULL","Xp11.22","https://www.omim.org/entry/300704"
"GE_0744","ELAC2","17p12","https://www.omim.org/entry/614731"
"GE_0745","MSMB","10q11.22","https://www.omim.org/entry/611928"
"GE_0746","EHBP1","2p15","https://www.omim.org/entry/611868"
"GE_0747","MAD1L1","7p22.3","https://www.omim.org/entry/176807"
"GE_0748","NULL","17q21-q22","https://www.omim.org/entry/610997"
"GE_0749","EPHB2","1p36.12","https://www.omim.org/entry/603688"
"GE_0750","RNASEL","1q25.3","https://www.omim.org/entry/601518"
"GE_0751","NULL","NULL","https://www.omim.org/entry/615568"
"GE_0752","NULL","NULL","https://www.omim.org/entry/615452"
"GE_0753","NULL","15q12","https://www.omim.org/entry/610321"
"GE_0754","NULL","7p11-q21","https://www.omim.org/entry/608658"
"GE_0755","NULL","Xq27-q28","https://www.omim.org/entry/300147"
"GE_0756","NULL","1q42.2-q43","https://www.omim.org/entry/602759"
"GE_0757","NULL","3p23-p21","https://www.omim.org/entry/182280"
"GE_0758","NULL","NULL","https://www.omim.org/entry/602446"
"GE_0759","NULL","NULL","https://www.omim.org/entry/602369"
"GE_0760","NULL","NULL","https://www.omim.org/entry/602267"
"GE_0761","NULL","3p21.2","https://www.omim.org/entry/602130"
"GE_0762","NULL","19q13.32","https://www.omim.org/entry/601991"
"GE_0763","NULL","NULL","https://www.omim.org/entry/619997"
"GE_0764","NULL","NULL","https://www.omim.org/entry/619450"
"GE_0765","NULL","NULL","https://www.omim.org/entry/619277"
"GE_0766","NULL","NULL","https://www.omim.org/entry/618518"
"GE_0767","NULL","NULL","https://www.omim.org/entry/618327"
"GE_0768","NULL","NULL","https://www.omim.org/entry/617029"
"GE_0769","NULL","NULL","https://www.omim.org/entry/616862"
"GE_0770","NULL","NULL","https://www.omim.org/entry/615111"
"GE_0771","NULL","NULL","https://www.omim.org/entry/614549"
"GE_0772","NULL","NULL","https://www.omim.org/entry/613531"
"GE_0773","NULL","NULL","https://www.omim.org/entry/612211"
"GE_0774","NULL","NULL","https://www.omim.org/entry/611794"
"GE_0775","NULL","NULL","https://www.omim.org/entry/609626"
"GE_0776","NULL","NULL","https://www.omim.org/entry/608766"
"GE_0777","NULL","2q34","https://www.omim.org/entry/608307"
"GE_0778","NULL","1p34.3","https://www.omim.org/entry/608241"
"GE_0779","NULL","NULL","https://www.omim.org/entry/607924"
"GE_0780","NULL","NULL","https://www.omim.org/entry/180610"
"GE_0781","NULL","2p23.3","https://www.omim.org/entry/176830"
"GE_0782","NULL","NULL","https://www.omim.org/entry/171840"
"GE_0783","NULL","NULL","https://www.omim.org/entry/168360"
"GE_0784","NULL","NULL","https://www.omim.org/entry/167050"
"GE_0785","NULL","2p24.3","https://www.omim.org/entry/164840"
"GE_0786","NULL","NULL","https://www.omim.org/entry/616073"
"GE_0787","NULL","NULL","https://www.omim.org/entry/161560"
"GE_0788","NULL","16p13.11","https://www.omim.org/entry/158343"
"GE_0789","NULL","14q23.3","https://www.omim.org/entry/154950"
"GE_0790","NULL","NULL","https://www.omim.org/entry/147780"
"GE_0791","NULL","NULL","https://www.omim.org/entry/605858"
"GE_0792","NULL","NULL","https://www.omim.org/entry/605402"
"GE_0793","NULL","NULL","https://www.omim.org/entry/605374"
"GE_0794","NULL","NULL","https://www.omim.org/entry/605082"
"GE_0795","NULL","8p22","https://www.omim.org/entry/604584"
"GE_0796","NULL","NULL","https://www.omim.org/entry/300159"
"GE_0797","NULL","NULL","https://www.omim.org/entry/607442"
"GE_0798","NULL","NULL","https://www.omim.org/entry/606886"
"GE_0799","NULL","NULL","https://www.omim.org/entry/606884"
"GE_0800","NULL","3p21.31","https://www.omim.org/entry/606584"
"GE_0801","NULL","NULL","https://www.omim.org/entry/602865"
"GE_0802","NULL","NULL","https://www.omim.org/entry/602725"
"GE_0803","NULL","NULL","https://www.omim.org/entry/602559"
"GE_0804","NULL","NULL","https://www.omim.org/entry/601721"
"GE_0805","NULL","NULL","https://www.omim.org/entry/601712"
"GE_0806","NULL","16p11.2","https://www.omim.org/entry/601485"
"GE_0807","NULL","NULL","https://www.omim.org/entry/600865"
"GE_0808","NULL","NULL","https://www.omim.org/entry/600690"
"GE_0809","NULL","NULL","https://www.omim.org/entry/600303"
"GE_0810","NULL","NULL","https://www.omim.org/entry/600299"
"GE_0811","NULL","NULL","https://www.omim.org/entry/600021"
"GE_0812","NULL","10p12.33-p12.31","https://www.omim.org/entry/600003"
"GE_0813","NULL","NULL","https://www.omim.org/entry/137260"
"GE_0814","NULL","NULL","https://www.omim.org/entry/136950"
"GE_0815","NULL","17q21.2","https://www.omim.org/entry/126430"
"GE_0816","NULL","NULL","https://www.omim.org/entry/194533"
"GE_0817","NULL","20p13","https://www.omim.org/entry/192340"
"GE_0818","NULL","NULL","https://www.omim.org/entry/192321"
"GE_0819","NULL","NULL","https://www.omim.org/entry/191325"
"GE_0820","NULL","3p24.2","https://www.omim.org/entry/190160"
"GE_0821","NULL","8q24.21","https://www.omim.org/entry/190080"
"GE_0822","NULL","12p12.1","https://www.omim.org/entry/190070"
"GE_0823","NULL","NULL","https://www.omim.org/entry/109135"
"GE_0824","NULL","NULL","https://www.omim.org/entry/109092"
"GE_0825","NULL","NULL","https://www.omim.org/entry/100790"
"GE_0826","NULL","NULL","https://www.omim.org/entry/611649"
"GE_0827","NULL","1p34.2","https://www.omim.org/entry/179590"
"GE_0828","NULL","NULL","https://www.omim.org/entry/176975"
"GE_0829","NULL","6p21.32","https://www.omim.org/entry/170260"
"GE_0830","NULL","NULL","https://www.omim.org/entry/164850"
"GE_0831","NULL","NULL","https://www.omim.org/entry/605686"
"GE_0832","NULL","NULL","https://www.omim.org/entry/300702"
"GE_0833","NULL","NULL","https://www.omim.org/entry/603963"
"GE_0834","NULL","NULL","https://www.omim.org/entry/602435"
"GE_0835","NULL","NULL","https://www.omim.org/entry/602430"
"GE_0836","NULL","NULL","https://www.omim.org/entry/601124"
"GE_0837","NULL","NULL","https://www.omim.org/entry/123280"
"GE_0838","NULL","6p21.33","https://www.omim.org/entry/191130"
"GE_0839","NULL","2q31.2","https://www.omim.org/entry/600492"
"GE_0840","NULL","NULL","https://www.omim.org/entry/182452"
"GE_0841","NULL","8q12.2","https://www.omim.org/entry/608892"
"GE_0842","NULL","NULL","https://www.omim.org/entry/153619"
"GE_0843","NULL","7p11.2","https://www.omim.org/entry/131550"
"GE_0844","NULL","17p13.1","https://www.omim.org/entry/191170"
"GE_0845","NULL","3p21.2","https://www.omim.org/entry/104620"
"GE_0846","NULL","NULL","https://www.omim.org/entry/601281"
"GE_0847","NULL","7q36.3","https://www.omim.org/entry/600725"
"GE_0848","NULL","NULL","https://www.omim.org/entry/102645"
"GE_0849","NULL","2p23.2-p23.1","https://www.omim.org/entry/105590"
"GE_0850","NULL","9q34.3","https://www.omim.org/entry/190198"
"GE_0851","NULL","13q14.2","https://www.omim.org/entry/614041"
"GE_0852","FASLG","1q24.3","https://www.omim.org/entry/211980"
"GE_0853","FASLG","1q24.3","https://www.omim.org/entry/211980"
"GE_0854","NULL","NULL","https://www.omim.org/entry/617819"
"GE_0855","NULL","NULL","https://www.omim.org/entry/616073"
"GE_0856","NULL","NULL","https://www.omim.org/entry/614447"
"GE_0857","NULL","NULL","https://www.omim.org/entry/161560"
"GE_0858","NULL","9p24.1","https://www.omim.org/entry/147796"
"GE_0859","NULL","NULL","https://www.omim.org/entry/620119"
"GE_0860","NULL","15q24.3-q25.1","https://www.omim.org/entry/619152"
"GE_0861","NULL","NULL","https://www.omim.org/entry/618045"
"GE_0862","NULL","NULL","https://www.omim.org/entry/617997"
"GE_0863","NULL","1q24.3","https://www.omim.org/entry/617987"
"GE_0864","NULL","NULL","https://www.omim.org/entry/615741"
"GE_0865","NULL","NULL","https://www.omim.org/entry/615002"
"GE_0866","NULL","NULL","https://www.omim.org/entry/614549"
"GE_0867","NULL","NULL","https://www.omim.org/entry/613125"
"GE_0868","NULL","NULL","https://www.omim.org/entry/612667"
"GE_0869","NULL","NULL","https://www.omim.org/entry/611917"
"GE_0870","NULL","NULL","https://www.omim.org/entry/611735"
"GE_0871","NULL","5q22.2","https://www.omim.org/entry/611731"
"GE_0872","NULL","2q34","https://www.omim.org/entry/608307"
"GE_0873","NULL","NULL","https://www.omim.org/entry/608295"
"GE_0874","NULL","1p34.3","https://www.omim.org/entry/608241"
"GE_0875","NULL","NULL","https://www.omim.org/entry/176975"
"GE_0876","NULL","NULL","https://www.omim.org/entry/171840"
"GE_0877","NULL","11q13.3","https://www.omim.org/entry/164950"
"GE_0878","NULL","NULL","https://www.omim.org/entry/147780"
"GE_0879","NULL","5q31.1","https://www.omim.org/entry/147575"
"GE_0880","NULL","2q35","https://www.omim.org/entry/146928"
"GE_0881","NULL","NULL","https://www.omim.org/entry/605402"
"GE_0882","NULL","8p22","https://www.omim.org/entry/604584"
"GE_0883","NULL","NULL","https://www.omim.org/entry/300625"
"GE_0884","NULL","NULL","https://www.omim.org/entry/300564"
"GE_0885","NULL","NULL","https://www.omim.org/entry/607052"
"GE_0886","NULL","NULL","https://www.omim.org/entry/606884"
"GE_0887","NULL","NULL","https://www.omim.org/entry/603306"
"GE_0888","NULL","19p13.2","https://www.omim.org/entry/603254"
"GE_0889","NULL","NULL","https://www.omim.org/entry/602559"
"GE_0890","NULL","NULL","https://www.omim.org/entry/602446"
"GE_0891","NULL","NULL","https://www.omim.org/entry/602430"
"GE_0892","NULL","NULL","https://www.omim.org/entry/601721"
"GE_0893","NULL","NULL","https://www.omim.org/entry/601712"
"GE_0894","NULL","7q36.1","https://www.omim.org/entry/601573"
"GE_0895","NULL","NULL","https://www.omim.org/entry/601364"
"GE_0896","NULL","NULL","https://www.omim.org/entry/601281"
"GE_0897","NULL","NULL","https://www.omim.org/entry/600636"
"GE_0898","NULL","NULL","https://www.omim.org/entry/600299"
"GE_0899","NULL","NULL","https://www.omim.org/entry/136950"
"GE_0900","NULL","17q21.2","https://www.omim.org/entry/126430"
"GE_0901","NULL","10p11.22","https://www.omim.org/entry/189909"
"GE_0902","NULL","NULL","https://www.omim.org/entry/603022"
"GE_0903","NULL","NULL","https://www.omim.org/entry/109135"
"GE_0904","NULL","NULL","https://www.omim.org/entry/109092"
"GE_0905","BCL10","1p22.3","https://www.omim.org/entry/156240"
"GE_0906","NULL","NULL","https://www.omim.org/entry/619997"
"GE_0907","NULL","NULL","https://www.omim.org/entry/619450"
"GE_0908","NULL","NULL","https://www.omim.org/entry/618518"
"GE_0909","NULL","NULL","https://www.omim.org/entry/617029"
"GE_0910","NULL","NULL","https://www.omim.org/entry/616862"
"GE_0911","NULL","NULL","https://www.omim.org/entry/615111"
"GE_0912","NULL","NULL","https://www.omim.org/entry/611794"
"GE_0913","NULL","NULL","https://www.omim.org/entry/609626"
"GE_0914","NULL","NULL","https://www.omim.org/entry/608766"
"GE_0915","NULL","7q34","https://www.omim.org/entry/164757"
"GE_0916","NULL","NULL","https://www.omim.org/entry/605686"
"GE_0917","NULL","NULL","https://www.omim.org/entry/300702"
"GE_0918","NULL","22q12.1","https://www.omim.org/entry/604373"
"GE_0919","NULL","NULL","https://www.omim.org/entry/602865"
"GE_0920","NULL","NULL","https://www.omim.org/entry/602369"
"GE_0921","NULL","NULL","https://www.omim.org/entry/600303"
"GE_0922","NULL","2q31.2","https://www.omim.org/entry/600492"
"GE_0923","NULL","3p23-p21","https://www.omim.org/entry/182280"
"GE_0924","CHRNA5","15q25.1","https://www.omim.org/entry/612052"
"GE_0925","NULL","NULL","https://www.omim.org/entry/619277"
"GE_0926","NULL","17q12","https://www.omim.org/entry/164870"
"GE_0927","NULL","NULL","https://www.omim.org/entry/153619"
"GE_0928","NULL","NULL","https://www.omim.org/entry/605082"
"GE_0929","NULL","NULL","https://www.omim.org/entry/300159"
"GE_0930","NULL","9p21.3","https://www.omim.org/entry/600160"
"GE_0931","NULL","17p13.1","https://www.omim.org/entry/191170"
"GE_0932","NULL","15q25.1","https://www.omim.org/entry/118503"
"GE_0933","NULL","NULL","https://www.omim.org/entry/611649"
"GE_0934","NULL","NULL","https://www.omim.org/entry/607924"
"GE_0935","NULL","NULL","https://www.omim.org/entry/607442"
"GE_0936","NULL","12p12.1","https://www.omim.org/entry/190070"
"GE_0937","NULL","3q26.32","https://www.omim.org/entry/171834"
"GE_0938","NULL","6p21.33","https://www.omim.org/entry/191130"
"GE_0939","NULL","2p23.2-p23.1","https://www.omim.org/entry/105590"
"GE_0940","NULL","7p11.2","https://www.omim.org/entry/131550"
"GE_0941","NULL","11q23","https://www.omim.org/entry/603040"
"GE_0942","NKX2-1","14q13.3","https://www.omim.org/entry/188550"
"GE_0943","STK11","19p13.3","https://www.omim.org/entry/175200"
"GE_0944","APC","5q22.2","https://www.omim.org/entry/175100"
"GE_0945","GNAS","20q13.32","https://www.omim.org/entry/174800"
"GE_0946","SDHD","11q23.1","https://www.omim.org/entry/168000"
"GE_0947","STAT3","17q21.2","https://www.omim.org/entry/147060"
"GE_0948","NULL","NULL","https://www.omim.org/entry/619432"
"GE_0949","NULL","NULL","https://www.omim.org/entry/618359"
"GE_0950","NULL","NULL","https://www.omim.org/entry/617989"
"GE_0951","NULL","NULL","https://www.omim.org/entry/617440"
"GE_0952","NULL","1p12","https://www.omim.org/entry/616554"
"GE_0953","NULL","NULL","https://www.omim.org/entry/610696"
"GE_0954","NULL","2q22.1","https://www.omim.org/entry/162643"
"GE_0955","NULL","17q25.1","https://www.omim.org/entry/605752"
"GE_0956","NULL","NULL","https://www.omim.org/entry/604881"
"GE_0957","NULL","NULL","https://www.omim.org/entry/607127"
"GE_0958","NULL","14q32.13","https://www.omim.org/entry/606241"
"GE_0959","NULL","22q12.1","https://www.omim.org/entry/604373"
"GE_0960","NULL","7q21.2","https://www.omim.org/entry/604001"
"GE_0961","NULL","NULL","https://www.omim.org/entry/602641"
"GE_0962","NULL","16p13.3","https://www.omim.org/entry/601615"
"GE_0963","NULL","2q31.1","https://www.omim.org/entry/600073"
"GE_0964","NULL","1p34.2","https://www.omim.org/entry/138140"
"GE_0965","NULL","10q23.31","https://www.omim.org/entry/134637"
"GE_0966","NULL","4q23","https://www.omim.org/entry/133440"
"GE_0967","NULL","17p13.1","https://www.omim.org/entry/191170"
"GE_0968","NULL","17q24.2","https://www.omim.org/entry/188830"
"GE_0969","NULL","1p36.13","https://www.omim.org/entry/185470"
"GE_0970","NULL","3q27.1","https://www.omim.org/entry/600495"
"GE_0971","NULL","NULL","https://www.omim.org/entry/100790"
"GE_0972","NULL","2p16","https://www.omim.org/entry/605244"
"GE_0973","CDKN1B","12p13.1","https://www.omim.org/entry/610755"
"GE_0974","OGG1","3p25.3","https://www.omim.org/entry/144700"
"GE_0975","RECQL2","8p12","https://www.omim.org/entry/277700"
"GE_0976","TSHR","14q31.1","https://www.omim.org/entry/275200"
"GE_0977","FLCN","17p11.2","https://www.omim.org/entry/135150"
"GE_0978","JAG1","20p12.2","https://www.omim.org/entry/118450"
"GE_0979","NULL","NULL","https://www.omim.org/entry/617568"
"GE_0980","NULL","NULL","https://www.omim.org/entry/614821"
"GE_0981","NULL","NULL","https://www.omim.org/entry/612698"
"GE_0982","NULL","NULL","https://www.omim.org/entry/611189"
"GE_0983","NULL","NULL","https://www.omim.org/entry/610567"
"GE_0984","NULL","NULL","https://www.omim.org/entry/609337"
"GE_0985","NULL","NULL","https://www.omim.org/entry/176975"
"GE_0986","NULL","14q32.33","https://www.omim.org/entry/164730"
"GE_0987","NULL","NULL","https://www.omim.org/entry/300769"
"GE_0988","NULL","NULL","https://www.omim.org/entry/300569"
"GE_0989","NULL","NULL","https://www.omim.org/entry/300568"
"GE_0990","NULL","NULL","https://www.omim.org/entry/300309"
"GE_0991","NULL","2p25.3","https://www.omim.org/entry/606765"
"GE_0992","NULL","9q22.33","https://www.omim.org/entry/602617"
"GE_0993","NULL","14q13.3","https://www.omim.org/entry/600635"
"GE_0994","NULL","6p21.1","https://www.omim.org/entry/192240"
"GE_0995","NULL","NULL","https://www.omim.org/entry/114130"
"GE_0996","NDUFA13","19p13.11","https://www.omim.org/entry/607464"
"GE_0997","DICER1","14q32.13","https://www.omim.org/entry/138800"
"GE_0998","NULL","NULL","https://www.omim.org/entry/614938"
"GE_1000","NULL","11q23.1","https://www.omim.org/entry/602690"
"GE_1001","NULL","7p11.2","https://www.omim.org/entry/131550"
"GE_1002","NULL","8q24.22","https://www.omim.org/entry/188450"
"GE_1003","RET","10q11.21","https://www.omim.org/entry/155240"
"GE_1004","NULL","NULL","https://www.omim.org/entry/613937"
"GE_1005","NULL","NULL","https://www.omim.org/entry/165070"
"GE_1006","NULL","NULL","https://www.omim.org/entry/604949"
"GE_1007","NULL","12q14.2","https://www.omim.org/entry/606523"
"GE_1008","RET","10q11.21","https://www.omim.org/entry/162300"
"GE_1009","NULL","10q11.21","https://www.omim.org/entry/164761"
"GE_1010","NULL","19p13.3","https://www.omim.org/entry/604161"
"GE_1011","NULL","19p13.11","https://www.omim.org/entry/601843"
"GE_1012","NULL","4q34.3","https://www.omim.org/entry/601528"
"GE_1013","NULL","NULL","https://www.omim.org/entry/600349"
"GE_1014","RET","10q11.21","https://www.omim.org/entry/171400"
"GE_1015","TG","8q24.22","https://www.omim.org/entry/274700"
"GE_1016","NULL","5q22.2","https://www.omim.org/entry/611731"
"GE_1017","NULL","19p13.2","https://www.omim.org/entry/603386"
"GE_1018","PTEN","10q23.31","https://www.omim.org/entry/158350"
"GE_1019","SEC23B","20p11.23","https://www.omim.org/entry/616858"
"GE_1020","NULL","20p11.23","https://www.omim.org/entry/610512"
"GE_1021","NULL","10q23.31","https://www.omim.org/entry/601728"
"GE_1022","NULL","3q26.32","https://www.omim.org/entry/171834"
"GE_1023","NULL","10q25.3","https://www.omim.org/entry/603924"
"GE_1024","NULL","7q34","https://www.omim.org/entry/164757"
"GE_1025","NULL","NULL","https://www.omim.org/entry/607702"
"GE_1026","HABP2","10q25.3","https://www.omim.org/entry/616535"
"GE_1027","FOXE1","9q22.33","https://www.omim.org/entry/616534"
"GE_1028","NRAS","1p13.2","https://www.omim.org/entry/188470"
"GE_1029","NULL","2q21","https://www.omim.org/entry/606240"
"GE_1030","NULL","13q12.13","https://www.omim.org/entry/603184"
"GE_1031","RAD54L","1p34.1","https://www.omim.org/entry/114480"
"GE_1032","NULL","11q13.3","https://www.omim.org/entry/168461"
"GE_1033","NULL","22q12.1","https://www.omim.org/entry/604373"
"GE_1034","NULL","NULL","https://www.omim.org/entry/604156"
"GE_1035","NULL","3p24.1","https://www.omim.org/entry/190182"
"GE_1036","FGFR3","4p16.3","https://www.omim.org/entry/603956"
"GE_1037","MTHFR","1p36.22","https://www.omim.org/entry/236250"
"GE_1038","FANCA","16q24.3","https://www.omim.org/entry/227650"
"GE_1039","NULL","NULL","https://www.omim.org/entry/620079"
"GE_1040","NULL","NULL","https://www.omim.org/entry/619779"
"GE_1041","NULL","NULL","https://www.omim.org/entry/619494"
"GE_1042","NULL","NULL","https://www.omim.org/entry/619403"
"GE_1043","NULL","NULL","https://www.omim.org/entry/618921"
"GE_1044","NULL","NULL","https://www.omim.org/entry/618344"
"GE_1045","NULL","NULL","https://www.omim.org/entry/618262"
"GE_1046","NULL","NULL","https://www.omim.org/entry/616523"
"GE_1047","NULL","NULL","https://www.omim.org/entry/616380"
"GE_1048","NULL","NULL","https://www.omim.org/entry/616226"
"GE_1049","NULL","NULL","https://www.omim.org/entry/615930"
"GE_1050","NULL","NULL","https://www.omim.org/entry/614316"
"GE_1051","NULL","NULL","https://www.omim.org/entry/612791"
"GE_1052","NULL","5q31.2","https://www.omim.org/entry/612374"
"GE_1053","NULL","NULL","https://www.omim.org/entry/612205"
"GE_1054","NULL","NULL","https://www.omim.org/entry/612171"
"GE_1055","NULL","NULL","https://www.omim.org/entry/611234"
"GE_1056","NULL","NULL","https://www.omim.org/entry/610596"
"GE_1057","NULL","8q23.1","https://www.omim.org/entry/610575"
"GE_1058","NULL","NULL","https://www.omim.org/entry/609788"
"GE_1059","NULL","NULL","https://www.omim.org/entry/609351"
"GE_1060","NULL","8q12.2","https://www.omim.org/entry/608892"
"GE_1061","NULL","NULL","https://www.omim.org/entry/608712"
"GE_1062","NULL","NULL","https://www.omim.org/entry/608288"
"GE_1063","NULL","NULL","https://www.omim.org/entry/608004"
"GE_1064","NULL","17p13.1","https://www.omim.org/entry/180660"
"GE_1065","NULL","1p34.2","https://www.omim.org/entry/179590"
"GE_1066","NULL","NULL","https://www.omim.org/entry/176886"
"GE_1067","NULL","NULL","https://www.omim.org/entry/176877"
"GE_1068","NULL","14q32.33","https://www.omim.org/entry/164730"
"GE_1069","NULL","NULL","https://www.omim.org/entry/617848"
"GE_1070","NULL","NULL","https://www.omim.org/entry/616043"
"GE_1071","NULL","NULL","https://www.omim.org/entry/606063"
"GE_1072","NULL","NULL","https://www.omim.org/entry/147310"
"GE_1073","NULL","NULL","https://www.omim.org/entry/605580"
"GE_1074","NULL","NULL","https://www.omim.org/entry/605252"
"GE_1075","NULL","19q13.2","https://www.omim.org/entry/604710"
"GE_1076","NULL","NULL","https://www.omim.org/entry/607021"
"GE_1077","NULL","6q21","https://www.omim.org/entry/604261"
"GE_1078","NULL","8p22","https://www.omim.org/entry/604258"
"GE_1079","NULL","16p13.3","https://www.omim.org/entry/603816"
"GE_1080","NULL","NULL","https://www.omim.org/entry/603638"
"GE_1081","NULL","NULL","https://www.omim.org/entry/603637"
"GE_1082","NULL","13q12.2","https://www.omim.org/entry/603636"
"GE_1083","NULL","14q21.3","https://www.omim.org/entry/603633"
"GE_1084","NULL","6p21.31","https://www.omim.org/entry/603632"
"GE_1085","NULL","NULL","https://www.omim.org/entry/603631"
"GE_1086","NULL","NULL","https://www.omim.org/entry/603630"
"GE_1087","NULL","NULL","https://www.omim.org/entry/603598"
"GE_1088","NULL","1q32.3-q41","https://www.omim.org/entry/603155"
"GE_1089","NULL","NULL","https://www.omim.org/entry/603149"
"GE_1090","NULL","NULL","https://www.omim.org/entry/603114"
"GE_1091","NULL","20q11.21","https://www.omim.org/entry/602900"
"GE_1092","NULL","16p13.3","https://www.omim.org/entry/602656"
"GE_1093","NULL","NULL","https://www.omim.org/entry/602545"
"GE_1094","NULL","NULL","https://www.omim.org/entry/601993"
"GE_1095","NULL","17p13.1","https://www.omim.org/entry/601614"
"GE_1096","NULL","NULL","https://www.omim.org/entry/601290"
"GE_1097","NULL","2q35","https://www.omim.org/entry/600726"
"GE_1098","NULL","NULL","https://www.omim.org/entry/600267"
"GE_1099","NULL","NULL","https://www.omim.org/entry/600258"
"GE_1100","NULL","NULL","https://www.omim.org/entry/516040"
"GE_1101","NULL","NULL","https://www.omim.org/entry/516004"
"GE_1102","NULL","NULL","https://www.omim.org/entry/516000"
"GE_1103","NULL","NULL","https://www.omim.org/entry/138350"
"GE_1104","NULL","7p11.2","https://www.omim.org/entry/131550"
"GE_1105","NULL","18p11.32","https://www.omim.org/entry/188350"
"GE_1106","NULL","2p21","https://www.omim.org/entry/185535"
"GE_1107","NULL","NULL","https://www.omim.org/entry/114890"
"GE_1108","NULL","NULL","https://www.omim.org/entry/109610"
"GE_1109","NULL","NULL","https://www.omim.org/entry/108345"
"GE_1110","MBD4","3q21.3","https://www.omim.org/entry/619975"
"GE_1111","APC","5q22.2","https://www.omim.org/entry/619182"
"GE_1112","MSH3","5q14.1","https://www.omim.org/entry/617100"
"GE_1113","BMPR1A","10q23.2","https://www.omim.org/entry/610069"
"GE_1114","BRCA1","17q21.31","https://www.omim.org/entry/604370"
"GE_1115","IL6","7p15.3","https://www.omim.org/entry/266600"
"GE_1116","NULL","NULL","https://www.omim.org/entry/618327"
"GE_1117","NULL","NULL","https://www.omim.org/entry/618032"
"GE_1118","NULL","NULL","https://www.omim.org/entry/616888"
"GE_1119","NULL","NULL","https://www.omim.org/entry/615209"
"GE_1120","NULL","NULL","https://www.omim.org/entry/615114"
"GE_1121","NULL","17q22","https://www.omim.org/entry/612482"
"GE_1122","NULL","9q22.33","https://www.omim.org/entry/610290"
"GE_1123","NULL","NULL","https://www.omim.org/entry/608610"
"GE_1124","NULL","NULL","https://www.omim.org/entry/611020"
"GE_1125","NULL","NULL","https://www.omim.org/entry/611005"
"GE_1126","NULL","18q21.33","https://www.omim.org/entry/606097"
"GE_1127","NULL","NULL","https://www.omim.org/entry/605854"
"GE_1128","NULL","NULL","https://www.omim.org/entry/605734"
"GE_1129","NULL","NULL","https://www.omim.org/entry/605053"
"GE_1130","NULL","NULL","https://www.omim.org/entry/604763"
"GE_1131","NULL","8p22","https://www.omim.org/entry/604584"
"GE_1132","NULL","1p36.22","https://www.omim.org/entry/607093"
"GE_1133","NULL","NULL","https://www.omim.org/entry/606449"
"GE_1134","NULL","4q31.3","https://www.omim.org/entry/606278"
"GE_1135","NULL","NULL","https://www.omim.org/entry/603719"
"GE_1136","NULL","1p22.1","https://www.omim.org/entry/603634"
"GE_1137","NULL","3q21.3","https://www.omim.org/entry/603574"
"GE_1138","NULL","NULL","https://www.omim.org/entry/602510"
"GE_1139","NULL","20p12.2","https://www.omim.org/entry/601920"
"GE_1140","NULL","1p36.12","https://www.omim.org/entry/600997"
"GE_1141","NULL","5q14.1","https://www.omim.org/entry/600887"
"GE_1142","NULL","NULL","https://www.omim.org/entry/600600"
"GE_1143","NULL","NULL","https://www.omim.org/entry/600297"
"GE_1144","NULL","NULL","https://www.omim.org/entry/600262"
"GE_1145","NULL","NULL","https://www.omim.org/entry/516020"
"GE_1146","NULL","8q24","https://www.omim.org/entry/611100"
"GE_1147","CTNNB1","3p22.1","https://www.omim.org/entry/167000"
"GE_1148","BTK","Xq22.1","https://www.omim.org/entry/300755"
"GE_1149","NULL","NULL","https://www.omim.org/entry/618519"
"GE_1150","NULL","NULL","https://www.omim.org/entry/617705"
"GE_1151","NULL","8p22","https://www.omim.org/entry/612182"
"GE_1152","NULL","1p36.13","https://www.omim.org/entry/172411"
"GE_1153","NULL","NULL","https://www.omim.org/entry/171150"
"GE_1154","NULL","NULL","https://www.omim.org/entry/604609"
"GE_1155","NULL","NULL","https://www.omim.org/entry/516030"
"GE_1156","NULL","NULL","https://www.omim.org/entry/603030"
"GE_1157","NULL","4q31.3","https://www.omim.org/entry/603028"
"GE_1158","PMS2","7p22.1","https://www.omim.org/entry/619101"
"GE_1159","MUTYH","1p34.1","https://www.omim.org/entry/613659"
"GE_1160","CDH1","16q22.1","https://www.omim.org/entry/137215"
"GE_1161","NULL","NULL","https://www.omim.org/entry/616877"
"GE_1162","NULL","NULL","https://www.omim.org/entry/610703"
"GE_1163","NULL","NULL","https://www.omim.org/entry/603682"
"GE_1164","NULL","15q22.33","https://www.omim.org/entry/603109"
"GE_1165","NULL","19q13.33","https://www.omim.org/entry/600040"
"GE_1166","NULL","4p16.3","https://www.omim.org/entry/134934"
"GE_1167","NULL","8q24.21","https://www.omim.org/entry/190080"
"GE_1168","RNF43","17q22","https://www.omim.org/entry/617108"
"GE_1169","NTHL1","16p13.3","https://www.omim.org/entry/616415"
"GE_1170","MUTYH","1p34.1","https://www.omim.org/entry/608456"
"GE_1171","MSH6","2p16.3","https://www.omim.org/entry/608089"
"GE_1172","MSH2","2p21-p16.3","https://www.omim.org/entry/158320"
"GE_1173","MLH1","3p22.2","https://www.omim.org/entry/276300"
"GE_1174","NAT2","8p22","https://www.omim.org/entry/243400"
"GE_1175","NULL","11p15.5","https://www.omim.org/entry/147470"
"GE_1176","NULL","15q26.1","https://www.omim.org/entry/604610"
"GE_1177","NULL","17p11.2","https://www.omim.org/entry/607273"
"GE_1178","NULL","22q13.2","https://www.omim.org/entry/602700"
"GE_1179","NULL","18q21.1","https://www.omim.org/entry/602932"
"GE_1180","NULL","15q15.1","https://www.omim.org/entry/602860"
"GE_1181","NULL","16q22.1","https://www.omim.org/entry/192090"
"GE_1182","NULL","9p21.3","https://www.omim.org/entry/614606"
"GE_1183","NULL","6p12.3-p12.2","https://www.omim.org/entry/606702"
"GE_1184","NULL","2q13","https://www.omim.org/entry/602452"
"GE_1185","NULL","10q25.2-q25.3","https://www.omim.org/entry/602228"
"GE_1186","NULL","18q21.1","https://www.omim.org/entry/601366"
"GE_1187","NULL","19q13.33","https://www.omim.org/entry/174761"
"GE_1188","NULL","3q26.32","https://www.omim.org/entry/171834"
"GE_1189","NULL","1p34.1","https://www.omim.org/entry/604933"
"GE_1190","NULL","3p22.1","https://www.omim.org/entry/116806"
"GE_1191","NULL","12q24.33","https://www.omim.org/entry/174762"
"GE_1192","NULL","7q34","https://www.omim.org/entry/164757"
"GE_1193","NULL","18q21.2","https://www.omim.org/entry/600993"
"GE_1194","NULL","17p13.1","https://www.omim.org/entry/191170"
"GE_1195","NULL","17q24.1","https://www.omim.org/entry/604025"
"GE_1196","NULL","12p12.1","https://www.omim.org/entry/190070"
"GE_1197","NULL","2p16.3","https://www.omim.org/entry/600678"
"GE_1198","NULL","7p22.1","https://www.omim.org/entry/600259"
"GE_1199","APC","5q22.2","https://www.omim.org/entry/175100"
"GE_1200","NULL","14q24.3","https://www.omim.org/entry/604395"
"GE_1201","NULL","5q22.2","https://www.omim.org/entry/611731"
"GE_1202","NULL","2p21-p16.3","https://www.omim.org/entry/609309"
"GE_1203","NULL","3p22.2","https://www.omim.org/entry/120436"
"GE_1204","NULL","NULL","https://www.omim.org/entry/619734"
"GE_1205","NULL","NULL","https://www.omim.org/entry/615694"
"GE_1206","NULL","NULL","https://www.omim.org/entry/615693"
"GE_1207","NULL","5q22.2","https://www.omim.org/entry/159350"
"GE_1208","NULL","18q21.2","https://www.omim.org/entry/120470"
"GE_1209","MSH6","2p16.3","https://www.omim.org/entry/614350"
"GE_1210","PMS2","7p22.1","https://www.omim.org/entry/614337"
"GE_1211","TGFBR2","3p24.1","https://www.omim.org/entry/614331"
"GE_1212","EPCAM","2p21","https://www.omim.org/entry/613244"
"GE_1213","MLH1","3p22.2","https://www.omim.org/entry/609310"
"GE_1214","MLH3","14q24.3","https://www.omim.org/entry/614385"
"GE_1215","MSH2","2p21-p16.3","https://www.omim.org/entry/120435"
"GE_1216","PLA2G2A","1p36.13","https://www.omim.org/entry/114500"
"GE_1217","NULL","20p12.3","https://www.omim.org/entry/612592"
"GE_1218","NULL","16q22.1","https://www.omim.org/entry/612590"
"GE_1219","NULL","14q22.2","https://www.omim.org/entry/612589"
"GE_1220","NULL","11q23","https://www.omim.org/entry/612232"
"GE_1221","NULL","8q23","https://www.omim.org/entry/612231"
"GE_1222","NULL","10p14","https://www.omim.org/entry/612230"
"GE_1223","NULL","8q24","https://www.omim.org/entry/611469"
"GE_1224","POLE","12q24.33","https://www.omim.org/entry/615083"
"GE_1225","POLD1","19q13.33","https://www.omim.org/entry/612591"
"GE_1226","SMAD7","18q21.1","https://www.omim.org/entry/612229"
"GE_1227","GALNT12","9q22.33","https://www.omim.org/entry/608812"
"GE_1228","AXIN2","17q24.1","https://www.omim.org/entry/608615"
"GE_1229","NULL","15q15.3-q22.1","https://www.omim.org/entry/601228"
"GE_1230","BRCA1","17q21.31","https://www.omim.org/entry/604370"
"GE_1231","NULL","7p22.1","https://www.omim.org/entry/613635"
"GE_1232","NULL","NULL","https://www.omim.org/entry/609243"
"GE_1233","NULL","NULL","https://www.omim.org/entry/608828"
"GE_1234","NULL","NULL","https://www.omim.org/entry/608574"
"GE_1235","NULL","NULL","https://www.omim.org/entry/166490"
"GE_1236","NULL","NULL","https://www.omim.org/entry/613867"
"GE_1237","NULL","1p33","https://www.omim.org/entry/613844"
"GE_1238","NULL","NULL","https://www.omim.org/entry/613400"
"GE_1239","NULL","1p13.3","https://www.omim.org/entry/613360"
"GE_1240","NULL","NULL","https://www.omim.org/entry/613234"
"GE_1241","NULL","NULL","https://www.omim.org/entry/612585"
"GE_1242","NULL","NULL","https://www.omim.org/entry/612510"
"GE_1243","NULL","NULL","https://www.omim.org/entry/611232"
"GE_1244","NULL","19p13.13","https://www.omim.org/entry/610672"
"GE_1245","NULL","NULL","https://www.omim.org/entry/608522"
"GE_1246","NULL","NULL","https://www.omim.org/entry/608464"
"GE_1247","NULL","NULL","https://www.omim.org/entry/608413"
"GE_1248","NULL","NULL","https://www.omim.org/entry/608295"
"GE_1249","NULL","NULL","https://www.omim.org/entry/608254"
"GE_1250","NULL","NULL","https://www.omim.org/entry/608162"
"GE_1251","NULL","NULL","https://www.omim.org/entry/607950"
"GE_1252","NULL","NULL","https://www.omim.org/entry/607938"
"GE_1253","NULL","NULL","https://www.omim.org/entry/607679"
"GE_1254","NULL","NULL","https://www.omim.org/entry/173870"
"GE_1255","NULL","17q21.2","https://www.omim.org/entry/173325"
"GE_1256","NULL","NULL","https://www.omim.org/entry/166945"
"GE_1257","NULL","NULL","https://www.omim.org/entry/616092"
"GE_1258","NULL","NULL","https://www.omim.org/entry/612942"
"GE_1259","NULL","NULL","https://www.omim.org/entry/611011"
"GE_1260","NULL","NULL","https://www.omim.org/entry/159559"
"GE_1261","NULL","NULL","https://www.omim.org/entry/155120"
"GE_1262","NULL","5q23.1","https://www.omim.org/entry/153455"
"GE_1263","NULL","15q26.3","https://www.omim.org/entry/147370"
"GE_1264","NULL","NULL","https://www.omim.org/entry/605643"
"GE_1265","NULL","NULL","https://www.omim.org/entry/605638"
"GE_1266","NULL","17p12","https://www.omim.org/entry/605367"
"GE_1267","NULL","NULL","https://www.omim.org/entry/605114"
"GE_1268","NULL","NULL","https://www.omim.org/entry/604881"
"GE_1269","NULL","NULL","https://www.omim.org/entry/300840"
"GE_1270","NULL","NULL","https://www.omim.org/entry/300654"
"GE_1271","NULL","Xq26.3-q27.1","https://www.omim.org/entry/300070"
"GE_1272","NULL","NULL","https://www.omim.org/entry/300050"
"GE_1273","NULL","11q22.1","https://www.omim.org/entry/606608"
"GE_1274","NULL","NULL","https://www.omim.org/entry/606357"
"GE_1275","NULL","8q24.3","https://www.omim.org/entry/606229"
"GE_1276","NULL","NULL","https://www.omim.org/entry/604378"
"GE_1277","NULL","10q23.33","https://www.omim.org/entry/603946"
"GE_1278","NULL","8p21.3","https://www.omim.org/entry/603612"
"GE_1279","NULL","NULL","https://www.omim.org/entry/603241"
"GE_1280","NULL","11q23.1","https://www.omim.org/entry/603113"
"GE_1281","NULL","NULL","https://www.omim.org/entry/602929"
"GE_1282","NULL","NULL","https://www.omim.org/entry/602920"
"GE_1283","NULL","NULL","https://www.omim.org/entry/602645"
"GE_1284","NULL","10q23.31","https://www.omim.org/entry/601728"
"GE_1285","NULL","NULL","https://www.omim.org/entry/601712"
"GE_1286","NULL","7q36.1","https://www.omim.org/entry/601573"
"GE_1287","NULL","13q34","https://www.omim.org/entry/601566"
"GE_1288","NULL","NULL","https://www.omim.org/entry/601426"
"GE_1289","NULL","NULL","https://www.omim.org/entry/601281"
"GE_1290","NULL","NULL","https://www.omim.org/entry/600723"
"GE_1291","NULL","NULL","https://www.omim.org/entry/600267"
"GE_1292","NULL","9p21.3","https://www.omim.org/entry/600160"
"GE_1293","NULL","NULL","https://www.omim.org/entry/600074"
"GE_1294","NULL","10q23.31","https://www.omim.org/entry/134637"
"GE_1295","NULL","13q22.3","https://www.omim.org/entry/131244"
"GE_1296","NULL","12p12.1","https://www.omim.org/entry/190070"
"GE_1297","NULL","6q23.3","https://www.omim.org/entry/189990"
"GE_1298","NULL","NULL","https://www.omim.org/entry/600453"
"GE_1299","NULL","1p36.11","https://www.omim.org/entry/603024"
"GE_1300","NULL","8p23.1","https://www.omim.org/entry/116810"
"GE_1301","NULL","NULL","https://www.omim.org/entry/109684"
"GE_1302","NULL","1p36","https://www.omim.org/entry/155600"
"GE_1303","NULL","10q26","https://www.omim.org/entry/131200"
"GE_1304","MBD4","3q21.3","https://www.omim.org/entry/619975"
"GE_1305","PMS2","7p22.1","https://www.omim.org/entry/614337"
"GE_1306","BAP1","3p21.1","https://www.omim.org/entry/614327"
"GE_1307","BRCA1","17q21.31","https://www.omim.org/entry/614320"
"GE_1308","MUTYH","1p34.1","https://www.omim.org/entry/613659"
"GE_1309","BRCA2","13q13.1","https://www.omim.org/entry/613347"
"GE_1310","SMARCA4","19p13.2","https://www.omim.org/entry/613325"
"GE_1311","MSH2","2p21-p16.3","https://www.omim.org/entry/158320"
"GE_1312","NULL","14q21.2","https://www.omim.org/entry/619655"
"GE_1313","NULL","NULL","https://www.omim.org/entry/617322"
"GE_1314","NULL","NULL","https://www.omim.org/entry/617264"
"GE_1315","NULL","NULL","https://www.omim.org/entry/615764"
"GE_1316","NULL","NULL","https://www.omim.org/entry/614554"
"GE_1317","NULL","NULL","https://www.omim.org/entry/612473"
"GE_1318","NULL","NULL","https://www.omim.org/entry/612398"
"GE_1319","NULL","9q22.33","https://www.omim.org/entry/611153"
"GE_1320","NULL","16p12.2","https://www.omim.org/entry/610355"
"GE_1321","NULL","NULL","https://www.omim.org/entry/610012"
"GE_1322","NULL","14q21.2","https://www.omim.org/entry/609644"
"GE_1323","NULL","NULL","https://www.omim.org/entry/608777"
"GE_1324","NULL","7q21.12","https://www.omim.org/entry/171050"
"GE_1325","NULL","6q27","https://www.omim.org/entry/612944"
"GE_1326","NULL","NULL","https://www.omim.org/entry/612912"
"GE_1327","NULL","NULL","https://www.omim.org/entry/609194"
"GE_1328","NULL","NULL","https://www.omim.org/entry/614440"
"GE_1329","NULL","NULL","https://www.omim.org/entry/155730"
"GE_1330","NULL","NULL","https://www.omim.org/entry/146733"
"GE_1331","NULL","NULL","https://www.omim.org/entry/605644"
"GE_1332","NULL","NULL","https://www.omim.org/entry/605422"
"GE_1333","NULL","16q23.1-q23.2","https://www.omim.org/entry/605131"
"GE_1334","NULL","NULL","https://www.omim.org/entry/605106"
"GE_1335","NULL","NULL","https://www.omim.org/entry/300682"
"GE_1336","NULL","NULL","https://www.omim.org/entry/300620"
"GE_1337","NULL","22q12.1","https://www.omim.org/entry/604373"
"GE_1338","NULL","NULL","https://www.omim.org/entry/604238"
"GE_1339","NULL","3q21.3","https://www.omim.org/entry/603574"
"GE_1340","NULL","NULL","https://www.omim.org/entry/602652"
"GE_1341","NULL","10q26.13","https://www.omim.org/entry/602194"
"GE_1342","NULL","NULL","https://www.omim.org/entry/601937"
"GE_1343","NULL","8p22","https://www.omim.org/entry/601385"
"GE_1344","NULL","2p16.3","https://www.omim.org/entry/600678"
"GE_1345","NULL","NULL","https://www.omim.org/entry/600551"
"GE_1346","NULL","NULL","https://www.omim.org/entry/600408"
"GE_1347","NULL","NULL","https://www.omim.org/entry/600212"
"GE_1348","NULL","11p15.2","https://www.omim.org/entry/600098"
"GE_1349","NULL","11q23.2","https://www.omim.org/entry/600008"
"GE_1350","NULL","6q25.1-q25.2","https://www.omim.org/entry/133430"
"GE_1351","NULL","20q13.33","https://www.omim.org/entry/602959"
"GE_1352","NULL","16q12.2","https://www.omim.org/entry/120360"
"GE_1353","NULL","3p22.1","https://www.omim.org/entry/116806"
"GE_1354","NULL","NULL","https://www.omim.org/entry/112203"
"GE_1355","STAG3","7q22.1","https://www.omim.org/entry/615723"
"GE_1356","TERT","5p15.33","https://www.omim.org/entry/615134"
"GE_1357","MAD1L1","7p22.3","https://www.omim.org/entry/176807"
"GE_1358","RHBDF2","17q25.1","https://www.omim.org/entry/148500"
"GE_1359","KRAS","12p12.1","https://www.omim.org/entry/260350"
"GE_1360","NULL","NULL","https://www.omim.org/entry/617500"
"GE_1361","NULL","NULL","https://www.omim.org/entry/616644"
"GE_1362","NULL","NULL","https://www.omim.org/entry/616348"
"GE_1363","NULL","11q23.3","https://www.omim.org/entry/614776"
"GE_1364","NULL","7p15.2","https://www.omim.org/entry/142958"
"GE_1365","NULL","NULL","https://www.omim.org/entry/142957"
"GE_1366","NULL","NULL","https://www.omim.org/entry/142956"
"GE_1367","NULL","NULL","https://www.omim.org/entry/142950"
"GE_1368","NULL","17q23.2","https://www.omim.org/entry/605100"
"GE_1369","NULL","NULL","https://www.omim.org/entry/300771"
"GE_1370","NULL","NULL","https://www.omim.org/entry/606154"
"GE_1371","NULL","NULL","https://www.omim.org/entry/604419"
"GE_1372","NULL","NULL","https://www.omim.org/entry/603044"
"GE_1373","NULL","6p21.1","https://www.omim.org/entry/192240"
"GE_1374","NULL","16q22.1","https://www.omim.org/entry/192090"
"GE_1375","NULL","17p13.1","https://www.omim.org/entry/191170"
"GE_1376","NULL","NULL","https://www.omim.org/entry/188230"
"GE_1377","NULL","NULL","https://www.omim.org/entry/300929"
"GE_1378","NULL","NULL","https://www.omim.org/entry/617434"
"GE_1379","NULL","5q32","https://www.omim.org/entry/167790"
"GE_1380","NULL","14q32.33","https://www.omim.org/entry/164730"
"GE_1381","NULL","NULL","https://www.omim.org/entry/605504"
"GE_1382","NULL","NULL","https://www.omim.org/entry/607294"
"GE_1383","NULL","4q31.3","https://www.omim.org/entry/606278"
"GE_1384","NULL","14q32.13","https://www.omim.org/entry/606241"
"GE_1385","NULL","18q11.2","https://www.omim.org/entry/604124"
"GE_1386","NULL","8q21.3","https://www.omim.org/entry/602667"
"GE_1387","NULL","19p13.3","https://www.omim.org/entry/602216"
"GE_1388","NULL","NULL","https://www.omim.org/entry/601051"
"GE_1389","NULL","NULL","https://www.omim.org/entry/607995"
"GE_1390","NULL","15q15.1","https://www.omim.org/entry/179617"
"GE_1391","NULL","17q23.2","https://www.omim.org/entry/605882"
"GE_1392","NULL","NULL","https://www.omim.org/entry/605193"
"GE_1393","NULL","17q21.32","https://www.omim.org/entry/604607"
"GE_1394","NULL","6q26","https://www.omim.org/entry/602544"
"GE_1395","MSH6","2p16.3","https://www.omim.org/entry/614350"
"GE_1396","NULL","2p21-p16.3","https://www.omim.org/entry/609309"
"GE_1397","NULL","17q21.2","https://www.omim.org/entry/607606"
"GE_1398","NULL","NULL","https://www.omim.org/entry/605782"
"GE_1399","NULL","NULL","https://www.omim.org/entry/605402"
"GE_1400","NULL","2q35","https://www.omim.org/entry/601593"
"GE_1401","NULL","11p15.5","https://www.omim.org/entry/190020"
"GE_1402","NULL","NULL","https://www.omim.org/entry/604033"
"GE_1403","NULL","22q12.1","https://www.omim.org/entry/194355"
"GE_1404","KRT1","12q13.13","https://www.omim.org/entry/144200"
"GE_1405","NULL","17q12","https://www.omim.org/entry/164870"
"GE_1406","NULL","11q25","https://www.omim.org/entry/600632"
"GE_1407","BRCA1","17q21.31","https://www.omim.org/entry/617883"
"GE_1408","NULL","3q26.32","https://www.omim.org/entry/171834"
"GE_1409","RAD54L","1p34.1","https://www.omim.org/entry/114480"
"GE_1410","MSH2","2p21-p16.3","https://www.omim.org/entry/120435"
"GE_1411","NULL","17q12","https://www.omim.org/entry/602954"
"GE_1412","NULL","13q13.1","https://www.omim.org/entry/600185"
"GE_1413","NULL","17q22","https://www.omim.org/entry/602774"
"GE_1414","NULL","17q21.31","https://www.omim.org/entry/113705"
"GE_1415","NULL","NULL","https://www.omim.org/entry/620054"
"GE_1416","NULL","NULL","https://www.omim.org/entry/619530"
"GE_1417","NULL","NULL","https://www.omim.org/entry/607896"
"GE_1418","NULL","17p13.3","https://www.omim.org/entry/603527"
"GE_1419","NULL","14q32.11","https://www.omim.org/entry/601404"
"GE_1420","NULL","NULL","https://www.omim.org/entry/601236"
"GE_1421","NULL","11q13.4","https://www.omim.org/entry/136430"
"GE_1422","NULL","3p25-p22","https://www.omim.org/entry/607893"
"GE_1423","RAD51D","17q12","https://www.omim.org/entry/614291"
"GE_1424","RAD51C","17q22","https://www.omim.org/entry/613399"
"GE_1425","BRCA2","13q13.1","https://www.omim.org/entry/612555"
"GE_1426","CTNNB1","3p22.1","https://www.omim.org/entry/167000"
